cfb_school,cfb_conference,cfb_class,cfb_pos,cfb_games,cfb_receptions,cfb_rec_yards,cfb_rec_yards_per_reception,cfb_rec_td,cfb_rushes,cfb_rushing_yards,cfb_rushing_yards_per_rush,cfb_rushing_td,cfb_plays,cfb_yards,cfb_yards_per_play,cfb_td,combine_draft_age,combine_ht,combine_wt,combine_forty,combine_vertical,combine_benchreps,combine_broadjump,combine_cone,rec_yards_ffs
Clemson,ACC,JR,WR,36.0,240.0,3391.0,14.1,27.0,52.0,339.0,6.5,1.0,292.0,3730.0,12.8,28.0,21,73.0,211.0,4.43,34.0,16.0,126.0,6.95,3571.0
Texas A&M,SEC,SO,WR,26.0,151.0,2499.0,16.5,17.0,0.0,0.0,0.0,0.0,151.0,2499.0,16.5,17.0,21,77.0,231.0,4.53,37.0,12.0,,7.08,6103.0
LSU,SEC,,WR,40.0,143.0,2340.0,16.4,12.0,7.0,77.0,11.0,0.0,150.0,2417.0,16.1,12.0,21,71.0,198.0,4.38,38.5,7.0,122.0,6.69,5476.0
Oregon State,Pac-12,JR,WR,38.0,226.0,3272.0,14.5,24.0,61.0,340.0,5.6,2.0,287.0,3612.0,12.6,26.0,20,70.0,189.0,4.33,36.0,16.0,120.0,6.76,5147.0
Florida State,ACC,SO,WR,28.0,84.0,1506.0,17.9,19.0,2.0,33.0,16.5,0.0,86.0,1539.0,17.9,19.0,23,77.0,240.0,4.61,32.5,13.0,119.0,7.33,3021.0
USC,Pac-12,JR,WR,36.0,248.0,3655.0,14.7,29.0,24.0,146.0,6.1,0.0,272.0,3801.0,14.0,29.0,22,72.0,192.0,4.52,38.0,,127.0,,2184.0
Vanderbilt,SEC,SR,WR,51.0,262.0,3759.0,14.3,24.0,9.0,115.0,12.8,1.0,271.0,3874.0,14.3,25.0,22,75.0,212.0,4.46,35.5,21.0,120.0,6.95,3255.0
Colorado,Pac-12,JR,WR,33.0,156.0,2412.0,15.5,21.0,9.0,38.0,4.2,0.0,165.0,2450.0,14.8,21.0,22,72.0,175.0,4.4,38.0,,124.0,7.09,1564.0
Fresno State,MWC,SO,WR,26.0,233.0,3031.0,13.0,38.0,0.0,0.0,0.0,0.0,233.0,3031.0,13.0,38.0,21,73.0,212.0,4.56,39.5,14.0,123.0,6.82,4197.0
Indiana,Big Ten,JR,WR,32.0,135.0,2042.0,15.1,17.0,2.0,3.0,1.5,0.0,137.0,2045.0,14.9,17.0,21,74.0,215.0,4.52,,23.0,,,635.0
Penn State,Big Ten,JR,WR,35.0,177.0,2479.0,14.0,17.0,6.0,36.0,6.0,0.0,183.0,2515.0,13.7,17.0,21,75.0,220.0,4.6,39.0,,127.0,7.0,3602.0
LSU,SEC,JR,WR,40.0,137.0,1809.0,13.2,15.0,0.0,0.0,0.0,0.0,137.0,1809.0,13.2,15.0,21,71.0,205.0,4.65,28.5,12.0,110.0,,5014.0
Oregon,Pac-12,SR,WR,49.0,144.0,2366.0,16.4,24.0,18.0,242.0,13.4,2.0,162.0,2608.0,16.1,26.0,22,71.0,206.0,4.51,35.5,14.0,116.0,,523.0
Ole Miss,SEC,JR,WR,38.0,156.0,2371.0,15.2,20.0,0.0,0.0,0.0,0.0,156.0,2371.0,15.2,20.0,21,74.0,221.0,4.4,39.5,13.0,132.0,7.02,2543.0
,,,,,,,,,,,,,,,,,24,70.0,179.0,4.34,36.5,,119.0,6.91,3230.0
Kent State,MAC,SR,RB,47.0,99.0,1194.0,12.1,12.0,325.0,2342.0,7.2,24.0,424.0,3536.0,8.3,36.0,23,68.0,173.0,4.26,38.0,20.0,122.0,6.86,23.0
Oklahoma,Big 12,SR,WR,48.0,203.0,3085.0,15.2,26.0,32.0,301.0,9.4,2.0,235.0,3386.0,14.4,28.0,21,69.0,165.0,4.44,34.0,,122.0,,7.0
South Carolina,SEC,JR,WR,38.0,106.0,1586.0,15.0,16.0,25.0,148.0,5.9,1.0,131.0,1734.0,13.2,17.0,23,69.0,197.0,4.45,39.5,15.0,120.0,6.69,769.0
UCLA,Pac-12,SR,WR,46.0,133.0,1956.0,14.7,14.0,2.0,6.0,3.0,0.0,135.0,1962.0,14.5,14.0,23,73.0,213.0,4.51,34.5,13.0,122.0,7.07,0.0
Clemson,ACC,JR,WR,37.0,61.0,1354.0,22.2,13.0,1.0,17.0,17.0,0.0,62.0,1371.0,22.1,13.0,22,76.0,211.0,4.42,39.0,16.0,124.0,7.18,2183.0
Alabama,SEC,,WR,49.0,81.0,1275.0,15.7,12.0,0.0,0.0,0.0,0.0,81.0,1275.0,15.7,12.0,24,74.0,198.0,4.48,33.0,8.0,121.0,6.68,102.0
Tulane,CUSA,SR,WR,47.0,196.0,2769.0,14.1,21.0,5.0,3.0,0.6,0.0,201.0,2772.0,13.8,21.0,23,72.0,199.0,4.64,35.5,8.0,119.0,6.68,1319.0
Pitt,ACC,SR,WR,49.0,202.0,2901.0,14.4,16.0,11.0,77.0,7.0,0.0,213.0,2978.0,14.0,16.0,23,75.0,198.0,4.55,37.0,,124.0,6.89,152.0
Wisconsin,Big Ten,SR,WR,53.0,202.0,3140.0,15.5,23.0,28.0,291.0,10.4,2.0,230.0,3431.0,14.9,25.0,23,73.0,195.0,4.5,30.5,4.0,117.0,6.8,163.0
Wyoming,MWC,SR,WR,42.0,152.0,2025.0,13.3,20.0,54.0,310.0,5.7,0.0,206.0,2335.0,11.3,20.0,22,69.0,193.0,4.48,35.5,18.0,125.0,6.84,58.0
Penn State,Big Ten,FR,WR,51.0,181.0,2429.0,13.4,19.0,10.0,75.0,7.5,2.0,191.0,2504.0,13.1,21.0,22,72.0,188.0,4.46,33.0,,119.0,6.82,814.0
,,,,,,,,,,,,,,,,,22,73.0,198.0,4.5,36.5,15.0,118.0,7.08,1.0
,,,,,,,,,,,,,,,,,22,,,,,,,,142.0
Nebraska,Big Ten,SR,WR,49.0,115.0,1526.0,13.3,15.0,3.0,-1.0,-0.3,0.0,118.0,1525.0,12.9,15.0,22,74.0,225.0,4.41,,19.0,,,1617.0
Wake Forest,ACC,SR,WR,42.0,229.0,2506.0,10.9,14.0,51.0,238.0,4.7,2.0,280.0,2744.0,9.8,16.0,23,69.0,192.0,4.46,39.0,20.0,122.0,6.77,310.0
,,,,,,,,,,,,,,,,,23,75.0,219.0,4.42,37.5,20.0,123.0,6.64,200.0
LSU,SEC,SR,WR,47.0,25.0,304.0,12.2,0.0,0.0,0.0,0.0,0.0,25.0,304.0,12.2,0.0,22,,,,,,,,197.0
Baylor,Big 12,SR,WR,47.0,187.0,3102.0,16.6,24.0,11.0,136.0,12.4,0.0,198.0,3238.0,16.4,24.0,23,70.0,163.0,4.46,41.0,,132.0,6.63,0.0
Michigan,Big Ten,SR,WR,51.0,173.0,2704.0,15.6,17.0,17.0,97.0,5.7,0.0,190.0,2801.0,14.7,17.0,24,67.0,185.0,4.49,,15.0,,,0.0
West Virginia,Big 12,SR,WR,52.0,288.0,3413.0,11.9,29.0,110.0,1033.0,9.4,6.0,398.0,4446.0,11.2,35.0,23,68.0,174.0,4.34,32.0,14.0,120.0,,1689.0
Clemson,ACC,JR,WR,39.0,206.0,3020.0,14.7,27.0,0.0,0.0,0.0,0.0,206.0,3020.0,14.7,27.0,21,73.0,214.0,4.57,36.0,15.0,115.0,,5865.0
Tennessee,SEC,JR,WR,12.0,46.0,778.0,16.9,5.0,25.0,308.0,12.3,3.0,71.0,1086.0,15.3,8.0,22,74.0,216.0,4.42,37.0,,128.0,,1625.0
Tennessee,SEC,JR,WR,28.0,106.0,1812.0,17.1,18.0,0.0,0.0,0.0,0.0,106.0,1812.0,17.1,18.0,22,76.0,196.0,4.44,39.5,,136.0,,1328.0
USC,Pac-12,JR,WR,38.0,252.0,2930.0,11.6,32.0,14.0,142.0,10.1,0.0,266.0,3072.0,11.5,32.0,21,72.0,201.0,4.51,33.5,14.0,117.0,7.15,3232.0
Marshall,CUSA,SR,WR,47.0,165.0,2398.0,14.5,24.0,3.0,19.0,6.3,0.0,168.0,2417.0,14.4,24.0,22,75.0,210.0,4.37,,,,,698.0
Baylor,Big 12,SR,WR,51.0,202.0,3334.0,16.5,27.0,3.0,17.0,5.7,0.0,205.0,3351.0,16.3,27.0,23,74.0,208.0,4.52,32.5,11.0,119.0,7.01,3359.0
California,Pac-12,JR,WR,33.0,205.0,2570.0,12.5,17.0,30.0,230.0,7.7,2.0,235.0,2800.0,11.9,19.0,21,74.0,206.0,4.58,,,,,4010.0
Texas,Big 12,SR,WR,50.0,120.0,1364.0,11.4,7.0,46.0,405.0,8.8,3.0,166.0,1769.0,10.7,10.0,22,69.0,183.0,4.27,,13.0,132.0,,1742.0
Oregon State,Pac-12,SR,WR,49.0,227.0,2994.0,13.2,16.0,83.0,631.0,7.6,5.0,310.0,3625.0,11.7,21.0,22,71.0,189.0,4.45,37.0,20.0,120.0,6.8,1559.0
West Virginia,Big 12,JR,WR,39.0,210.0,3218.0,15.3,41.0,2.0,13.0,6.5,0.0,212.0,3231.0,15.2,41.0,22,70.0,193.0,4.52,34.5,11.0,117.0,6.81,843.0
South Carolina,SEC,JR,WR,40.0,99.0,1230.0,12.4,13.0,12.0,72.0,6.0,0.0,111.0,1302.0,11.7,13.0,21,67.0,173.0,4.58,32.0,7.0,117.0,6.81,539.0
Texas Christian,Big 12,JR,WR,39.0,161.0,2535.0,15.7,22.0,4.0,7.0,1.8,1.0,165.0,2542.0,15.4,23.0,22,71.0,206.0,4.38,34.0,22.0,131.0,6.68,121.0
Kansas State,Big 12,SR,WR,39.0,123.0,1734.0,14.1,12.0,8.0,45.0,5.6,0.0,131.0,1779.0,13.6,12.0,23,73.0,229.0,4.55,35.5,20.0,116.0,6.89,0.0
Louisiana Tech,WAC,SR,WR,25.0,183.0,2594.0,14.2,24.0,11.0,37.0,3.4,0.0,194.0,2631.0,13.6,24.0,23,72.0,204.0,4.53,33.0,8.0,118.0,6.91,880.0
Michigan,Big Ten,SR,QB,49.0,3.0,31.0,10.3,0.0,723.0,4495.0,6.2,42.0,726.0,4526.0,6.2,42.0,22,70.0,199.0,4.43,36.5,,123.0,7.09,310.0
Oklahoma,Big 12,JR,WR,38.0,204.0,2594.0,12.7,24.0,3.0,23.0,7.7,0.0,207.0,2617.0,12.6,24.0,21,72.0,194.0,4.38,33.5,16.0,124.0,,3585.0
Georgia,SEC,SR,WR,56.0,136.0,2602.0,19.1,21.0,3.0,5.0,1.7,0.0,139.0,2607.0,18.8,21.0,23,72.0,189.0,4.47,36.5,11.0,123.0,6.91,303.0
Virginia Tech,ACC,SR,WR,20.0,45.0,834.0,18.5,6.0,1.0,10.0,10.0,0.0,46.0,844.0,18.3,6.0,23,74.0,204.0,4.43,31.5,12.0,120.0,,288.0
Texas A&M,SEC,SR,WR,51.0,252.0,3117.0,12.4,24.0,19.0,59.0,3.1,0.0,271.0,3176.0,11.7,24.0,22,72.0,205.0,4.34,37.0,16.0,125.0,6.76,0.0
Oklahoma,Big 12,SR,WR,49.0,146.0,1926.0,13.2,8.0,3.0,-12.0,-4.0,0.0,149.0,1914.0,12.8,8.0,22,,,,,,,,94.0
,,,,,,,,,,,,,,,,,22,70.0,193.0,4.59,33.0,14.0,117.0,,0.0
Arkansas,SEC,SR,WR,51.0,175.0,2854.0,16.3,18.0,1.0,-8.0,-8.0,0.0,176.0,2846.0,16.2,18.0,22,74.0,212.0,4.56,29.5,11.0,107.0,,242.0
San Diego State,MWC,SR,WR,49.0,65.0,901.0,13.9,7.0,0.0,0.0,0.0,0.0,65.0,901.0,13.9,7.0,23,,,,,,,,1177.0
,,,,,,,,,,,,,,,,,24,,,,,,,,834.0
Maryland,ACC,SR,WR,47.0,81.0,1088.0,13.4,9.0,1.0,4.0,4.0,0.0,82.0,1092.0,13.3,9.0,23,,,,,,,,4.0
Washington State,Pac-12,JR,WR,33.0,189.0,3207.0,17.0,23.0,3.0,10.0,3.3,0.0,192.0,3217.0,16.8,23.0,20,75.0,194.0,4.51,34.5,7.0,122.0,6.65,777.0
,,,,,,,,,,,,,,,,,23,74.0,217.0,4.54,33.5,9.0,123.0,7.11,0.0
Oklahoma State,Big 12,JR,WR,38.0,253.0,3564.0,14.1,40.0,8.0,84.0,10.5,1.0,261.0,3648.0,14.0,41.0,22,73.0,207.0,4.46,,14.0,,,1280.0
Notre Dame,Ind,SR,WR,43.0,271.0,3686.0,13.6,37.0,4.0,30.0,7.5,1.0,275.0,3716.0,13.5,38.0,22,75.0,220.0,4.4,36.5,16.0,122.0,,3781.0
Baylor,Big 12,SR,WR,50.0,302.0,4004.0,13.3,30.0,75.0,425.0,5.7,2.0,377.0,4429.0,11.7,32.0,22,70.0,196.0,4.49,38.5,,121.0,6.93,3244.0
Illinois,Big Ten,SR,WR,46.0,167.0,2432.0,14.6,19.0,6.0,25.0,4.2,0.0,173.0,2457.0,14.2,19.0,22,72.0,190.0,4.37,38.5,12.0,124.0,,223.0
,,,,,,,,,,,,,,,,,23,75.0,220.0,4.5,34.0,15.0,119.0,7.1,1499.0
Georgia Tech,ACC,JR,WR,38.0,49.0,1248.0,25.5,9.0,12.0,147.0,12.3,1.0,61.0,1395.0,22.9,10.0,21,76.0,215.0,4.36,39.5,14.0,133.0,6.88,594.0
South Carolina,SEC,JR,WR,40.0,183.0,3042.0,16.6,23.0,0.0,0.0,0.0,0.0,183.0,3042.0,16.6,23.0,22,75.0,216.0,4.48,,,,,4549.0
Oklahoma,Big 12,SR,WR,48.0,349.0,4586.0,13.1,45.0,15.0,97.0,6.5,1.0,364.0,4683.0,12.9,46.0,24,70.0,192.0,4.57,,21.0,,,420.0
LSU,SEC,JR,WR,40.0,97.0,1634.0,16.8,13.0,0.0,0.0,0.0,0.0,97.0,1634.0,16.8,13.0,21,75.0,210.0,4.55,31.0,15.0,121.0,6.99,2644.0
Ohio State,Big Ten,SR,WR,42.0,136.0,1955.0,14.4,18.0,3.0,13.0,4.3,0.0,139.0,1968.0,14.2,18.0,22,74.0,211.0,4.39,36.5,14.0,123.0,7.03,272.0
North Carolina State,ACC,SR,WR,46.0,99.0,1453.0,14.7,12.0,5.0,-9.0,-1.8,0.0,104.0,1444.0,13.9,12.0,23,71.0,188.0,4.34,33.5,8.0,120.0,6.77,794.0
Rutgers,Big East,JR,WR,38.0,210.0,2263.0,10.8,12.0,125.0,653.0,5.2,9.0,335.0,2916.0,8.7,21.0,23,73.0,211.0,4.62,36.0,19.0,126.0,6.88,2446.0
Florida International,Sun Belt,SR,WR,50.0,229.0,3531.0,15.4,24.0,69.0,498.0,7.2,7.0,298.0,4029.0,13.5,31.0,22,69.0,183.0,4.34,,,,,5861.0
Wake Forest,ACC,JR,WR,36.0,163.0,2473.0,15.2,21.0,45.0,238.0,5.3,2.0,208.0,2711.0,13.0,23.0,22,71.0,198.0,4.35,33.5,19.0,118.0,6.97,1779.0
Miami (FL),ACC,SR,WR,49.0,131.0,2146.0,16.4,13.0,25.0,126.0,5.0,1.0,156.0,2272.0,14.6,14.0,22,70.0,172.0,4.31,38.0,14.0,119.0,,2360.0
Arkansas,SEC,SR,WR,47.0,164.0,2410.0,14.7,17.0,27.0,248.0,9.2,2.0,191.0,2658.0,13.9,19.0,22,71.0,179.0,4.51,36.0,,123.0,7.09,7.0
Fresno State,WAC,SR,WR,43.0,98.0,1327.0,13.5,8.0,18.0,118.0,6.6,0.0,116.0,1445.0,12.5,8.0,24,69.0,187.0,4.36,39.0,17.0,123.0,,53.0
Arkansas,SEC,SR,WR,50.0,168.0,2934.0,17.5,24.0,2.0,10.0,5.0,0.0,170.0,2944.0,17.3,24.0,22,70.0,182.0,4.39,38.0,11.0,120.0,6.93,1841.0
Michigan State,Big Ten,SR,WR,48.0,127.0,1714.0,13.5,10.0,64.0,540.0,8.4,3.0,191.0,2254.0,11.8,13.0,22,71.0,188.0,4.42,39.5,13.0,122.0,6.85,685.0
Wisconsin,Big Ten,SR,WR,47.0,171.0,2447.0,14.3,18.0,6.0,34.0,5.7,0.0,177.0,2481.0,14.0,18.0,23,74.0,215.0,4.49,37.5,18.0,,,283.0
Arkansas,SEC,SR,WR,44.0,133.0,2066.0,15.5,15.0,0.0,0.0,0.0,0.0,133.0,2066.0,15.5,15.0,22,75.0,219.0,4.52,36.5,19.0,125.0,,0.0
Virginia Tech,ACC,SR,WR,55.0,165.0,2658.0,16.1,8.0,13.0,45.0,3.5,0.0,178.0,2703.0,15.2,8.0,24,72.0,201.0,4.42,35.0,12.0,115.0,6.69,0.0
California,Pac-12,SR,WR,43.0,156.0,2270.0,14.6,13.0,11.0,116.0,10.5,1.0,167.0,2386.0,14.3,14.0,22,74.0,199.0,4.46,33.0,22.0,112.0,6.81,2659.0
Arizona,Pac-12,SR,WR,50.0,209.0,2859.0,13.7,32.0,17.0,129.0,7.6,0.0,226.0,2988.0,13.2,32.0,22,74.0,224.0,4.66,38.0,17.0,117.0,7.15,183.0
Michigan State,Big Ten,SR,WR,51.0,218.0,3086.0,14.2,25.0,8.0,82.0,10.3,0.0,226.0,3168.0,14.0,25.0,23,73.0,211.0,4.52,31.5,12.0,116.0,7.1,0.0
Iowa,Big Ten,SR,WR,42.0,170.0,2861.0,16.8,28.0,8.0,63.0,7.9,0.0,178.0,2924.0,16.4,28.0,23,75.0,216.0,4.48,37.0,,122.0,7.15,0.0
Miami (FL),ACC,JR,WR,30.0,52.0,967.0,18.6,9.0,0.0,0.0,0.0,0.0,52.0,967.0,18.6,9.0,22,77.0,219.0,4.37,33.0,17.0,125.0,7.08,0.0
Ohio,MAC,SR,WR,49.0,187.0,2515.0,13.4,18.0,31.0,239.0,7.7,1.0,218.0,2754.0,12.6,19.0,23,71.0,192.0,4.43,32.5,11.0,,,347.0
Nevada,WAC,SR,WR,26.0,147.0,2243.0,15.3,13.0,10.0,75.0,7.5,2.0,157.0,2318.0,14.8,15.0,22,72.0,217.0,4.54,36.0,20.0,,6.88,2341.0
Colorado,Pac-12,SR,WR,43.0,98.0,1268.0,12.9,11.0,5.0,23.0,4.6,0.0,103.0,1291.0,12.5,11.0,23,,,,,,,,41.0
Northwestern,Big Ten,SR,WR,52.0,173.0,2400.0,13.9,21.0,9.0,47.0,5.2,0.0,182.0,2447.0,13.4,21.0,23,,,,,,,,18.0
Michigan,Big Ten,SR,WR,47.0,88.0,1638.0,18.6,11.0,5.0,9.0,1.8,0.0,93.0,1647.0,17.7,11.0,23,73.0,225.0,4.48,35.5,21.0,124.0,6.59,233.0
Western Michigan,MAC,SR,WR,43.0,306.0,4187.0,13.7,32.0,4.0,56.0,14.0,0.0,310.0,4243.0,13.7,32.0,24,72.0,208.0,4.63,35.0,14.0,119.0,6.84,13.0
Georgia,SEC,JR,WR,32.0,166.0,2619.0,15.8,23.0,7.0,105.0,15.0,0.0,173.0,2724.0,15.7,23.0,23,76.0,211.0,4.48,34.5,18.0,126.0,6.91,6171.0
Alabama,SEC,JR,WR,40.0,179.0,2653.0,14.8,15.0,10.0,139.0,13.9,2.0,189.0,2792.0,14.8,17.0,22,75.0,220.0,4.34,38.5,17.0,135.0,6.66,6201.0
Pitt,Big East,JR,WR,39.0,128.0,2337.0,18.3,16.0,5.0,68.0,13.6,0.0,133.0,2405.0,18.1,16.0,22,76.0,228.0,4.49,42.0,20.0,129.0,7.07,607.0
Boise State,WAC,SR,WR,43.0,204.0,3063.0,15.0,25.0,47.0,350.0,7.4,8.0,251.0,3413.0,13.6,33.0,22,71.0,174.0,4.43,,,123.0,,990.0
Maryland,ACC,JR,WR,38.0,152.0,2215.0,14.6,19.0,21.0,66.0,3.1,1.0,173.0,2281.0,13.2,20.0,22,73.0,204.0,4.41,41.0,19.0,126.0,6.72,4254.0
North Carolina,ACC,JR,WR,37.0,86.0,969.0,11.3,6.0,166.0,805.0,4.8,6.0,252.0,1774.0,7.0,12.0,22,74.0,231.0,4.51,40.5,27.0,129.0,6.8,1890.0
Kentucky,SEC,JR,WR,36.0,144.0,1661.0,11.5,13.0,228.0,1313.0,5.8,22.0,372.0,2974.0,8.0,35.0,21,70.0,191.0,4.46,33.5,16.0,115.0,7.08,3878.0
Boise State,WAC,SR,WR,52.0,229.0,2838.0,12.4,39.0,1.0,-11.0,-11.0,0.0,230.0,2827.0,12.3,39.0,23,75.0,209.0,4.56,33.5,14.0,120.0,6.68,1034.0
Miami (FL),ACC,SR,WR,42.0,134.0,2160.0,16.1,22.0,0.0,0.0,0.0,0.0,134.0,2160.0,16.1,22.0,23,73.0,209.0,4.4,36.0,14.0,117.0,6.94,1408.0
San Diego State,MWC,SR,WR,44.0,209.0,3110.0,14.9,23.0,7.0,34.0,4.9,0.0,216.0,3144.0,14.6,23.0,22,71.0,187.0,4.68,33.5,12.0,121.0,6.64,941.0
Troy,Sun Belt,SR,WR,50.0,262.0,3128.0,11.9,18.0,132.0,892.0,6.8,5.0,394.0,4020.0,10.2,23.0,22,69.0,185.0,4.46,37.5,11.0,124.0,7.07,391.0
Georgia,SEC,SR,WR,47.0,64.0,1109.0,17.3,4.0,0.0,0.0,0.0,0.0,64.0,1109.0,17.3,4.0,23,,,,,,,,699.0
,,,,,,,,,,,,,,,,,25,72.0,192.0,4.31,40.0,16.0,131.0,,365.0
Hawaii,WAC,SR,WR,48.0,285.0,4345.0,15.2,26.0,0.0,0.0,0.0,0.0,285.0,4345.0,15.2,26.0,23,73.0,210.0,4.53,37.0,15.0,120.0,6.65,615.0
,,,,,,,,,,,,,,,,,23,72.0,205.0,4.5,34.5,21.0,114.0,6.5,2827.0
Indiana,Big Ten,JR,WR,31.0,154.0,1854.0,12.0,13.0,42.0,290.0,6.9,2.0,196.0,2144.0,10.9,15.0,21,74.0,201.0,4.62,,14.0,,,428.0
Hawaii,WAC,SR,WR,47.0,209.0,2491.0,11.9,22.0,125.0,701.0,5.6,8.0,334.0,3192.0,9.6,30.0,23,70.0,199.0,4.42,,19.0,,,42.0
Tennessee,SEC,SR,WR,52.0,112.0,2004.0,17.9,18.0,10.0,105.0,10.5,1.0,122.0,2109.0,17.3,19.0,22,72.0,194.0,4.43,36.0,13.0,118.0,6.78,2169.0
Texas Christian,MWC,SR,WR,50.0,120.0,1299.0,10.8,12.0,63.0,306.0,4.9,8.0,183.0,1605.0,8.8,20.0,22,69.0,189.0,4.56,34.5,16.0,120.0,,2225.0
Nebraska,Big 12,SR,WR,46.0,103.0,1532.0,14.9,5.0,9.0,56.0,6.2,1.0,112.0,1588.0,14.2,6.0,22,73.0,224.0,4.45,34.5,24.0,117.0,6.9,762.0
Stanford,Pac-10,SR,WR,48.0,140.0,1884.0,13.5,7.0,0.0,0.0,0.0,0.0,140.0,1884.0,13.5,7.0,22,73.0,202.0,4.53,38.5,18.0,123.0,6.67,80.0
East Carolina,CUSA,SR,WR,50.0,268.0,3001.0,11.2,20.0,86.0,526.0,6.1,6.0,354.0,3527.0,10.0,26.0,23,70.0,203.0,4.53,34.0,10.0,111.0,6.77,827.0
SMU,CUSA,SR,WR,46.0,181.0,3314.0,18.3,30.0,0.0,0.0,0.0,0.0,181.0,3314.0,18.3,30.0,22,70.0,184.0,4.35,40.0,17.0,126.0,6.65,1191.0
USC,Pac-10,SR,WR,47.0,138.0,1750.0,12.7,20.0,16.0,88.0,5.5,0.0,154.0,1838.0,11.9,20.0,23,71.0,199.0,4.46,,16.0,,,0.0
Colorado,Big 12,SR,WR,49.0,219.0,2588.0,11.8,22.0,2.0,4.0,2.0,1.0,221.0,2592.0,11.7,23.0,23,,,,,,,,0.0
,,,,,,,,,,,,,,,,,21,73.0,221.0,4.5,34.5,19.0,117.0,7.04,149.0
USC,Pac-10,SR,WR,46.0,64.0,700.0,10.9,7.0,2.0,14.0,7.0,0.0,66.0,714.0,10.8,7.0,23,,,,,,,,120.0
San Diego State,MWC,SR,WR,48.0,146.0,2242.0,15.4,18.0,8.0,9.0,1.1,0.0,154.0,2251.0,14.6,18.0,25,74.0,204.0,4.41,,14.0,,,36.0
Georgia Tech,ACC,JR,WR,39.0,120.0,2339.0,19.5,15.0,4.0,32.0,8.0,0.0,124.0,2371.0,19.1,15.0,22,75.0,224.0,4.52,,,,,5317.0
Oklahoma State,Big 12,JR,WR,28.0,147.0,2425.0,16.5,29.0,2.0,16.0,8.0,0.0,149.0,2441.0,16.4,29.0,21,74.0,225.0,4.52,,,,,5424.0
Ole Miss,SEC,SR,RB,40.0,130.0,1703.0,13.1,7.0,304.0,1955.0,6.4,15.0,434.0,3658.0,8.4,22.0,21,69.0,172.0,4.53,37.5,20.0,118.0,,1697.0
Illinois,Big Ten,JR,WR,37.0,159.0,2221.0,14.0,7.0,62.0,282.0,4.5,3.0,221.0,2503.0,11.3,10.0,21,73.0,219.0,4.57,37.0,20.0,118.0,,990.0
Notre Dame,Ind,JR,WR,37.0,157.0,2707.0,17.2,26.0,31.0,227.0,7.3,3.0,188.0,2934.0,15.6,29.0,22,70.0,199.0,4.42,35.0,17.0,120.0,7.12,3526.0
USC,Pac-10,,WR,38.0,147.0,2114.0,14.4,17.0,7.0,64.0,9.1,0.0,154.0,2178.0,14.1,17.0,22,73.0,197.0,4.52,38.0,19.0,118.0,6.79,1327.0
LSU,SEC,SR,WR,51.0,175.0,2517.0,14.4,25.0,8.0,37.0,4.6,1.0,183.0,2554.0,14.0,26.0,23,74.0,211.0,4.58,36.0,,115.0,6.81,3338.0
SMU,CUSA,SR,WR,47.0,285.0,3791.0,13.3,34.0,9.0,40.0,4.4,0.0,294.0,3831.0,13.0,34.0,23,71.0,186.0,4.4,39.5,12.0,126.0,6.64,3434.0
Texas,Big 12,SR,WR,53.0,248.0,3191.0,12.9,33.0,16.0,162.0,10.1,0.0,264.0,3353.0,12.7,33.0,24,71.0,193.0,4.6,36.5,16.0,116.0,,858.0
Minnesota,Big Ten,SR,WR,45.0,227.0,3119.0,13.7,24.0,15.0,114.0,7.6,1.0,242.0,3233.0,13.4,25.0,23,75.0,217.0,4.54,,15.0,,,4032.0
,,,,,,,,,,,,,,,,,22,71.0,195.0,4.4,36.0,15.0,120.0,6.77,2576.0
,,,,,,,,,,,,,,,,,22,71.0,187.0,4.41,,,,,131.0
Ohio,MAC,SR,WR,52.0,149.0,2019.0,13.6,14.0,24.0,125.0,5.2,0.0,173.0,2144.0,12.4,14.0,22,72.0,204.0,4.4,37.0,16.0,114.0,6.82,80.0
Cincinnati,Big East,SR,WR,48.0,204.0,3003.0,14.7,25.0,7.0,26.0,3.7,1.0,211.0,3029.0,14.4,26.0,23,72.0,187.0,4.61,39.0,,116.0,6.92,78.0
Syracuse,Big East,SR,WR,29.0,133.0,2044.0,15.4,20.0,1.0,-7.0,-7.0,0.0,134.0,2037.0,15.2,20.0,23,73.0,221.0,4.53,33.5,8.0,116.0,6.9,3089.0
,,,,,,,,,,,,,,,,,22,75.0,210.0,4.39,34.0,16.0,123.0,6.94,71.0
Clemson,ACC,SR,WR,48.0,143.0,1986.0,13.9,16.0,58.0,494.0,8.5,2.0,201.0,2480.0,12.3,18.0,23,69.0,186.0,4.28,33.5,15.0,115.0,7.0,848.0
Utah,MWC,SR,WR,26.0,106.0,1615.0,15.2,11.0,5.0,19.0,3.8,1.0,111.0,1634.0,14.7,12.0,23,72.0,191.0,4.56,37.0,15.0,114.0,6.95,68.0
Florida,SEC,SR,WR,51.0,81.0,1496.0,18.5,18.0,1.0,14.0,14.0,0.0,82.0,1510.0,18.4,18.0,22,75.0,222.0,4.53,33.0,,114.0,,2091.0
,,,,,,,,,,,,,,,,,23,74.0,224.0,4.62,35.0,13.0,115.0,,0.0
South Florida,Big East,JR,WR,37.0,105.0,1648.0,15.7,9.0,5.0,24.0,4.8,0.0,110.0,1672.0,15.2,9.0,22,75.0,215.0,4.46,36.0,16.0,122.0,6.96,31.0
Kansas,Big 12,JR,WR,37.0,219.0,3240.0,14.8,31.0,4.0,37.0,9.3,1.0,223.0,3277.0,14.7,32.0,21,74.0,207.0,4.66,33.0,9.0,115.0,7.1,502.0
Central Michigan,MAC,JR,WR,41.0,305.0,3199.0,10.5,22.0,72.0,531.0,7.4,4.0,377.0,3730.0,9.9,26.0,22,70.0,186.0,4.56,33.5,13.0,105.0,6.98,5259.0
LSU,SEC,SR,RB,51.0,7.0,72.0,10.3,0.0,115.0,776.0,6.7,4.0,122.0,848.0,7.0,4.0,24,65.0,166.0,4.34,42.0,10.0,116.0,6.54,17.0
Baylor,Big 12,SR,WR,47.0,116.0,1555.0,13.4,4.0,0.0,0.0,0.0,0.0,116.0,1555.0,13.4,4.0,23,75.0,217.0,4.43,34.5,15.0,124.0,6.94,508.0
UAB,CUSA,SR,QB,37.0,32.0,471.0,14.7,4.0,516.0,2774.0,5.4,24.0,548.0,3245.0,5.9,28.0,23,,,,,,,,58.0
Arizona State,Pac-10,SR,WR,41.0,109.0,1626.0,14.9,18.0,17.0,130.0,7.6,0.0,126.0,1756.0,13.9,18.0,22,70.0,188.0,4.4,33.0,11.0,118.0,7.0,574.0
UCLA,Pac-10,SR,WR,47.0,109.0,1192.0,10.9,5.0,23.0,146.0,6.3,0.0,132.0,1338.0,10.1,5.0,22,,,,,,,,184.0
,,,,,,,,,,,,,,,,,23,,,,,,,,324.0
Pitt,Big East,SR,TE,45.0,63.0,708.0,11.2,12.0,5.0,50.0,10.0,1.0,68.0,758.0,11.1,13.0,22,73.0,226.0,4.4,43.5,24.0,125.0,6.96,151.0
,,,,,,,,,,,,,,,,,25,,,,,,,,0.0
Maryland,ACC,JR,WR,38.0,138.0,2089.0,15.1,13.0,25.0,314.0,12.6,2.0,163.0,2403.0,14.7,15.0,22,74.0,210.0,4.3,38.5,16.0,126.0,6.8,2380.0
Texas Tech,Big 12,SO,WR,26.0,231.0,3127.0,13.5,41.0,2.0,1.0,0.5,0.0,233.0,3128.0,13.4,41.0,21,73.0,215.0,4.54,,,,,3629.0
Missouri,Big 12,SO,WR,28.0,182.0,2315.0,12.7,22.0,91.0,668.0,7.3,6.0,273.0,2983.0,10.9,28.0,21,72.0,198.0,4.43,,,,,4771.0
Florida,SEC,JR,RB,36.0,133.0,1929.0,14.5,13.0,194.0,1852.0,9.5,19.0,327.0,3781.0,11.6,32.0,21,71.0,192.0,4.39,,19.0,,,3319.0
North Carolina,ACC,JR,WR,36.0,181.0,2840.0,15.7,21.0,7.0,43.0,6.1,1.0,188.0,2883.0,15.3,22.0,21,73.0,212.0,4.51,36.0,,,,4622.0
Rutgers,Big East,JR,WR,34.0,178.0,3043.0,17.1,17.0,7.0,75.0,10.7,1.0,185.0,3118.0,16.9,18.0,20,75.0,218.0,4.47,37.0,23.0,124.0,,2450.0
Ohio State,Big Ten,SR,WR,51.0,127.0,1866.0,14.7,24.0,0.0,0.0,0.0,0.0,127.0,1866.0,14.7,24.0,21,75.0,209.0,4.46,37.5,,,6.72,485.0
Georgia,SEC,SR,WR,51.0,158.0,2282.0,14.4,16.0,2.0,35.0,17.5,0.0,160.0,2317.0,14.5,16.0,22,73.0,210.0,4.51,36.5,,127.0,,1745.0
Penn State,Big Ten,SR,WR,46.0,161.0,1743.0,10.8,9.0,117.0,594.0,5.1,8.0,278.0,2337.0,8.4,17.0,23,71.0,194.0,4.47,33.0,15.0,,,82.0
North Carolina,ACC,SR,WR,41.0,46.0,927.0,20.2,8.0,26.0,294.0,11.3,2.0,72.0,1221.0,17.0,10.0,21,72.0,183.0,4.52,,,,,649.0
Ole Miss,SEC,SR,WR,37.0,101.0,1910.0,18.9,15.0,11.0,94.0,8.5,0.0,112.0,2004.0,17.9,15.0,23,72.0,199.0,4.33,40.0,14.0,129.0,6.9,4972.0
,,,,,,,,,,,,,,,,,23,78.0,229.0,4.51,33.5,17.0,118.0,,394.0
USC,Pac-10,SR,WR,48.0,138.0,1752.0,12.7,17.0,0.0,0.0,0.0,0.0,138.0,1752.0,12.7,17.0,22,77.0,223.0,4.59,,,,,122.0
Penn State,Big Ten,SR,WR,50.0,179.0,2771.0,15.5,22.0,4.0,-3.0,-0.8,0.0,183.0,2768.0,15.1,22.0,23,70.0,182.0,4.31,34.5,12.0,118.0,7.01,611.0
Oklahoma,Big 12,SR,WR,54.0,202.0,2861.0,14.2,19.0,12.0,109.0,9.1,1.0,214.0,2970.0,13.9,20.0,22,73.0,210.0,4.44,34.5,,116.0,,0.0
Arizona,Pac-10,SR,WR,48.0,259.0,3231.0,12.5,22.0,45.0,395.0,8.8,3.0,304.0,3626.0,11.9,25.0,22,68.0,195.0,4.3,40.5,,126.0,6.65,1796.0
Ohio State,Big Ten,JR,WR,38.0,90.0,1429.0,15.9,12.0,10.0,68.0,6.8,0.0,100.0,1497.0,15.0,12.0,22,74.0,195.0,4.49,34.5,,120.0,6.65,3769.0
Florida,SEC,SR,WR,48.0,77.0,1245.0,16.2,13.0,3.0,19.0,6.3,0.0,80.0,1264.0,15.8,13.0,22,74.0,203.0,4.32,,12.0,,,1744.0
Brigham Young,MWC,JR,WR,37.0,215.0,3255.0,15.1,30.0,17.0,106.0,6.2,0.0,232.0,3361.0,14.5,30.0,23,73.0,200.0,4.53,34.0,17.0,120.0,6.78,1908.0
,,,,,,,,,,,,,,,,,22,71.0,185.0,4.34,35.0,,122.0,6.81,2214.0
South Carolina,SEC,SR,WR,47.0,207.0,2781.0,13.4,19.0,13.0,34.0,2.6,0.0,220.0,2815.0,12.8,19.0,22,72.0,189.0,4.37,37.0,,113.0,6.96,0.0
Rice,CUSA,SR,WR,49.0,292.0,4138.0,14.2,60.0,3.0,-2.0,-0.7,0.0,295.0,4136.0,14.0,60.0,23,70.0,191.0,4.5,42.5,13.0,129.0,7.1,398.0
,,,,,,,,,,,,,,,,,23,72.0,211.0,4.44,,27.0,,,0.0
,,,,,,,,,,,,,,,,,24,72.0,184.0,4.4,,20.0,,,9.0
Washington State,Pac-10,SR,WR,45.0,182.0,2756.0,15.1,17.0,10.0,19.0,1.9,0.0,192.0,2775.0,14.5,17.0,22,72.0,210.0,4.59,,,,,2416.0
,,,,,,,,,,,,,,,,,23,74.0,204.0,4.42,37.0,,120.0,,0.0
LSU,SEC,SR,WR,27.0,72.0,1134.0,15.8,11.0,0.0,0.0,0.0,0.0,72.0,1134.0,15.8,11.0,0,72.0,199.0,4.35,31.5,,117.0,,0.0
Oklahoma,Big 12,SR,WR,48.0,119.0,1710.0,14.4,17.0,5.0,25.0,5.0,0.0,124.0,1735.0,14.0,17.0,22,71.0,189.0,4.5,,,,,6.0
Kent State,MAC,SR,QB,31.0,1.0,11.0,11.0,0.0,502.0,2483.0,4.9,22.0,503.0,2494.0,5.0,22.0,23,,,,,,,,1770.0
Oregon State,Pac-10,SR,WR,51.0,164.0,2653.0,16.2,14.0,11.0,64.0,5.8,0.0,175.0,2717.0,15.5,14.0,23,69.0,189.0,4.45,30.0,13.0,110.0,7.03,639.0
Nevada,WAC,SR,WR,39.0,153.0,2763.0,18.1,22.0,5.0,92.0,18.4,0.0,158.0,2855.0,18.1,22.0,24,76.0,218.0,4.43,32.0,9.0,116.0,7.04,32.0
Pitt,Big East,SR,WR,44.0,131.0,1646.0,12.6,13.0,2.0,9.0,4.5,0.0,133.0,1655.0,12.4,13.0,0,,,,,,,,0.0
Utah,MWC,SR,WR,42.0,116.0,1358.0,11.7,7.0,1.0,-5.0,-5.0,0.0,117.0,1353.0,11.6,7.0,0,,,,,,,,0.0
Rutgers,Big East,SR,WR,50.0,132.0,1931.0,14.6,16.0,19.0,63.0,3.3,0.0,151.0,1994.0,13.2,16.0,22,73.0,184.0,4.31,41.5,7.0,129.0,6.62,1006.0
Houston,CUSA,SR,WR,50.0,210.0,3289.0,15.7,19.0,0.0,0.0,0.0,0.0,210.0,3289.0,15.7,19.0,24,71.0,192.0,4.43,,16.0,,,2685.0
Michigan State,Big Ten,JR,WR,23.0,85.0,1350.0,15.9,9.0,27.0,177.0,6.6,0.0,112.0,1527.0,13.6,9.0,21,74.0,216.0,4.41,28.0,,126.0,7.15,482.0
Kansas State,Big 12,SR,WR,36.0,206.0,2822.0,13.7,20.0,4.0,-9.0,-2.3,0.0,210.0,2813.0,13.4,20.0,23,75.0,217.0,4.51,31.0,,123.0,7.03,3276.0
Indiana,Big Ten,JR,WR,33.0,191.0,2740.0,14.3,36.0,0.0,0.0,0.0,0.0,191.0,2740.0,14.3,36.0,22,77.0,217.0,4.45,31.5,18.0,125.0,6.84,96.0
Virginia Tech,ACC,SR,WR,51.0,119.0,1778.0,14.9,12.0,24.0,226.0,9.4,2.0,143.0,2004.0,14.0,14.0,22,70.0,184.0,4.39,36.0,24.0,124.0,7.07,2341.0
,,,,,,,,,,,,,,,,,22,74.0,199.0,4.42,37.5,,136.0,7.08,1278.0
California,Pac-10,JR,WR,36.0,162.0,2423.0,15.0,22.0,24.0,199.0,8.3,1.0,186.0,2622.0,14.1,23.0,21,70.0,169.0,4.35,,,120.0,,4785.0
Oklahoma,Big 12,JR,WR,39.0,144.0,2285.0,15.9,21.0,0.0,0.0,0.0,0.0,144.0,2285.0,15.9,21.0,21,76.0,224.0,4.68,,,,,365.0
Texas,Big 12,SR,WR,44.0,124.0,1915.0,15.4,20.0,1.0,4.0,4.0,0.0,125.0,1919.0,15.4,20.0,23,76.0,215.0,4.48,35.0,,,,69.0
,,,,,,,,,,,,,,,,,22,69.0,182.0,4.33,29.5,,122.0,6.81,0.0
Vanderbilt,SEC,JR,WR,35.0,236.0,2852.0,12.1,20.0,20.0,44.0,2.2,0.0,256.0,2896.0,11.3,20.0,21,71.0,209.0,4.48,26.0,15.0,110.0,7.15,2034.0
LSU,SEC,SR,WR,45.0,160.0,1943.0,12.1,20.0,12.0,61.0,5.1,2.0,172.0,2004.0,11.7,22.0,22,72.0,209.0,4.59,,,,,1491.0
Louisville,Big East,SR,WR,46.0,173.0,2924.0,16.9,15.0,19.0,162.0,8.5,1.0,192.0,3086.0,16.1,16.0,23,71.0,176.0,4.51,31.0,,120.0,6.57,2574.0
Michigan,Big Ten,JR,WR,34.0,137.0,2310.0,16.9,27.0,31.0,176.0,5.7,0.0,168.0,2486.0,14.8,27.0,22,72.0,181.0,4.59,32.0,16.0,117.0,7.34,2764.0
Florida,SEC,SR,WR,53.0,185.0,2349.0,12.7,16.0,41.0,293.0,7.1,4.0,226.0,2642.0,11.7,20.0,23,72.0,204.0,4.35,33.0,,124.0,6.75,1190.0
Missouri,Big 12,SR,WR,44.0,143.0,2125.0,14.9,13.0,9.0,11.0,1.2,0.0,152.0,2136.0,14.1,13.0,22,72.0,214.0,4.37,34.5,,,,83.0
New Mexico,MWC,SR,WR,49.0,153.0,2073.0,13.5,13.0,54.0,323.0,6.0,5.0,207.0,2396.0,11.6,18.0,23,73.0,221.0,4.51,26.5,20.0,111.0,7.1,0.0
,,,,,,,,,,,,,,,,,23,73.0,194.0,4.37,37.5,19.0,128.0,6.67,0.0
California,Pac-10,SR,WR,35.0,136.0,1748.0,12.9,12.0,13.0,127.0,9.8,0.0,149.0,1875.0,12.6,12.0,22,71.0,187.0,4.57,,14.0,117.0,,771.0
Kentucky,SEC,SR,WR,46.0,189.0,2376.0,12.6,25.0,8.0,18.0,2.3,0.0,197.0,2394.0,12.2,25.0,23,72.0,201.0,4.44,38.5,10.0,125.0,6.77,425.0
Wake Forest,ACC,SR,RB,39.0,139.0,1458.0,10.5,7.0,151.0,829.0,5.5,5.0,290.0,2287.0,7.9,12.0,23,71.0,195.0,4.47,28.0,,120.0,7.09,59.0
UCLA,Pac-10,SR,DB,29.0,0.0,0.0,0.0,0.0,2.0,-6.0,-3.0,0.0,2.0,-6.0,-3.0,0.0,22,,,,,,,,46.0
Kansas,Big 12,SR,WR,45.0,104.0,1598.0,15.4,13.0,1.0,23.0,23.0,0.0,105.0,1621.0,15.4,13.0,22,76.0,207.0,4.55,31.5,,126.0,7.08,0.0
Virginia Tech,ACC,SR,WR,51.0,122.0,1817.0,14.9,16.0,6.0,20.0,3.3,0.0,128.0,1837.0,14.4,16.0,23,72.0,219.0,4.46,,,,,2274.0
Utah State,WAC,SR,WR,46.0,178.0,2485.0,14.0,21.0,35.0,165.0,4.7,1.0,213.0,2650.0,12.4,22.0,23,71.0,202.0,4.69,27.5,,115.0,7.31,0.0
Wisconsin,Big Ten,SR,WR,26.0,53.0,936.0,17.7,5.0,0.0,0.0,0.0,0.0,53.0,936.0,17.7,5.0,23,75.0,221.0,4.49,29.5,15.0,126.0,,8.0
,,,,,,,,,,,,,,,,,24,71.0,177.0,4.5,32.0,14.0,118.0,6.75,9.0
,,,,,,,,,,,,,,,,,22,72.0,210.0,4.42,36.5,20.0,125.0,6.9,3152.0
Virginia Tech,ACC,SR,WR,50.0,83.0,1338.0,16.1,8.0,1.0,10.0,10.0,0.0,84.0,1348.0,16.0,8.0,23,75.0,213.0,4.56,28.5,,120.0,7.03,0.0
San Diego State,MWC,SR,WR,44.0,133.0,1893.0,14.2,8.0,7.0,35.0,5.0,0.0,140.0,1928.0,13.8,8.0,23,,,,,,,,87.0
Kentucky,SEC,SR,WR,26.0,72.0,1200.0,16.7,14.0,0.0,0.0,0.0,0.0,72.0,1200.0,16.7,14.0,21,,,,,,,,3235.0
San Diego State,MWC,SR,WR,32.0,103.0,1603.0,15.6,7.0,0.0,0.0,0.0,0.0,103.0,1603.0,15.6,7.0,22,,,,,,,,1191.0
Michigan,Big Ten,SR,WR,35.0,109.0,1438.0,13.2,16.0,0.0,0.0,0.0,0.0,109.0,1438.0,13.2,16.0,22,75.0,203.0,4.55,,,,,110.0
Louisville,Big East,JR,WR,34.0,130.0,2271.0,17.5,16.0,0.0,0.0,0.0,0.0,130.0,2271.0,17.5,16.0,22,77.0,232.0,4.59,30.0,16.0,115.0,7.07,0.0
Arkansas,SEC,SR,WR,43.0,138.0,2151.0,15.6,27.0,0.0,0.0,0.0,0.0,138.0,2151.0,15.6,27.0,22,76.0,222.0,4.56,34.5,9.0,119.0,7.08,0.0
Georgia Tech,ACC,JR,WR,38.0,178.0,2927.0,16.4,28.0,10.0,40.0,4.0,1.0,188.0,2967.0,15.8,29.0,21,77.0,239.0,4.35,,,,,5872.0
Ohio State,Big Ten,JR,WR,37.0,135.0,1943.0,14.4,15.0,28.0,213.0,7.6,3.0,163.0,2156.0,13.2,18.0,22,71.0,178.0,4.38,,,,,2047.0
LSU,SEC,SR,WR,46.0,154.0,2403.0,15.6,26.0,1.0,2.0,2.0,0.0,155.0,2405.0,15.5,26.0,22,74.0,221.0,4.51,33.0,,125.0,6.81,4927.0
Tennessee,SEC,JR,WR,37.0,125.0,2140.0,17.1,17.0,7.0,3.0,0.4,0.0,132.0,2143.0,16.2,17.0,22,74.0,214.0,4.39,37.5,,121.0,6.97,2476.0
LSU,SEC,SR,WR,42.0,141.0,2117.0,15.0,7.0,5.0,20.0,4.0,0.0,146.0,2137.0,14.6,7.0,21,,,,,,,,558.0
Ohio State,Big Ten,JR,WR,33.0,87.0,1286.0,14.8,13.0,3.0,36.0,12.0,0.0,90.0,1322.0,14.7,13.0,22,72.0,193.0,4.44,38.0,,123.0,6.54,1307.0
South Carolina,SEC,SO,WR,24.0,142.0,2233.0,15.7,23.0,1.0,6.0,6.0,0.0,143.0,2239.0,15.7,23.0,21,75.0,200.0,4.51,39.5,,119.0,7.09,2613.0
USC,Pac-10,JR,WR,38.0,216.0,3138.0,14.5,41.0,3.0,1.0,0.3,0.0,219.0,3139.0,14.3,41.0,20,76.0,219.0,4.62,,,,,428.0
USC,Pac-10,SR,WR,46.0,190.0,3019.0,15.9,22.0,4.0,18.0,4.5,0.0,194.0,3037.0,15.7,22.0,22,72.0,197.0,4.44,38.0,,120.0,6.68,2510.0
,,,,,,,,,,,,,,,,,23,75.0,210.0,4.5,34.0,,129.0,7.03,1741.0
Kansas State,Big 12,SR,WR,34.0,73.0,1144.0,15.7,6.0,5.0,79.0,15.8,2.0,78.0,1223.0,15.7,8.0,24,71.0,174.0,4.3,,,123.0,6.85,103.0
,,,,,,,,,,,,,,,,,22,74.0,199.0,4.38,39.0,19.0,127.0,6.83,1858.0
Washington State,Pac-10,SR,WR,43.0,148.0,2704.0,18.3,32.0,3.0,-10.0,-3.3,0.0,151.0,2694.0,17.8,32.0,22,72.0,204.0,4.32,37.0,,123.0,7.02,1028.0
San Jose State,WAC,SR,WR,44.0,126.0,1496.0,11.9,12.0,24.0,126.0,5.3,1.0,150.0,1622.0,10.8,13.0,23,73.0,207.0,4.54,34.0,22.0,119.0,7.06,2704.0
UCF,CUSA,SR,WR,46.0,184.0,2561.0,13.9,17.0,1.0,7.0,7.0,0.0,185.0,2568.0,13.9,17.0,22,74.0,209.0,4.35,36.5,18.0,121.0,6.92,1798.0
Fresno State,WAC,SR,WR,38.0,72.0,1048.0,14.6,8.0,16.0,174.0,10.9,1.0,88.0,1222.0,13.9,9.0,23,73.0,205.0,4.45,38.5,,125.0,7.03,7.0
,,,,,,,,,,,,,,,,,23,71.0,186.0,4.48,36.5,,122.0,6.62,779.0
Miami (OH),MAC,SR,WR,50.0,258.0,3697.0,14.3,22.0,25.0,122.0,4.9,0.0,283.0,3819.0,13.5,22.0,22,69.0,179.0,4.47,35.0,,123.0,6.71,35.0
Florida State,ACC,SR,WR,51.0,137.0,1842.0,13.4,12.0,22.0,70.0,3.2,1.0,159.0,1912.0,12.0,13.0,23,70.0,181.0,4.5,35.5,,115.0,6.66,69.0
Michigan,Big Ten,SR,WR,48.0,156.0,1696.0,10.9,10.0,42.0,321.0,7.6,2.0,198.0,2017.0,10.2,12.0,24,72.0,193.0,4.46,33.0,,124.0,6.9,3313.0
East Carolina,CUSA,SR,WR,22.0,145.0,1732.0,11.9,11.0,12.0,55.0,4.6,0.0,157.0,1787.0,11.4,11.0,21,72.0,198.0,4.39,37.0,,127.0,,231.0
Virginia Tech,ACC,SR,WR,49.0,93.0,1373.0,14.8,6.0,2.0,-25.0,-12.5,0.0,95.0,1348.0,14.2,6.0,22,72.0,188.0,4.36,32.5,,123.0,7.0,341.0
Ohio State,Big Ten,SR,WR,45.0,52.0,580.0,11.2,3.0,0.0,0.0,0.0,0.0,52.0,580.0,11.2,3.0,23,,,,,,,,9.0
Boise State,WAC,SR,WR,49.0,74.0,1073.0,14.5,12.0,18.0,198.0,11.0,0.0,92.0,1271.0,13.8,12.0,23,74.0,225.0,4.41,40.0,19.0,119.0,,1213.0
Texas Tech,Big 12,SR,WR,50.0,175.0,2626.0,15.0,23.0,18.0,111.0,6.2,0.0,193.0,2737.0,14.2,23.0,0,74.0,211.0,4.57,32.5,17.0,117.0,,0.0
Auburn,SEC,SR,WR,50.0,153.0,2098.0,13.7,9.0,13.0,137.0,10.5,0.0,166.0,2235.0,13.5,9.0,23,74.0,204.0,4.5,36.0,,122.0,7.22,136.0
Oregon,Pac-10,SR,WR,21.0,47.0,605.0,12.9,5.0,1.0,22.0,22.0,0.0,48.0,627.0,13.1,5.0,23,76.0,217.0,4.49,,,,,5.0
Florida,SEC,SR,WR,51.0,151.0,2236.0,14.8,21.0,0.0,0.0,0.0,0.0,151.0,2236.0,14.8,21.0,24,75.0,208.0,4.53,36.0,,129.0,6.69,6.0
San Jose State,WAC,SR,WR,46.0,103.0,1566.0,15.2,13.0,15.0,100.0,6.7,0.0,118.0,1666.0,14.1,13.0,23,,,,,,,,126.0
Florida International,Sun Belt,SR,WR,21.0,128.0,1534.0,12.0,3.0,5.0,16.0,3.2,0.0,133.0,1550.0,11.7,3.0,0,71.0,184.0,4.42,32.5,,123.0,6.99,0.0
Arizona,Pac-10,SR,WR,44.0,131.0,1584.0,12.1,6.0,19.0,140.0,7.4,0.0,150.0,1724.0,11.5,6.0,22,69.0,194.0,4.59,33.0,17.0,,,182.0
Clemson,ACC,SR,WR,38.0,141.0,1760.0,12.5,7.0,48.0,261.0,5.4,2.0,189.0,2021.0,10.7,9.0,23,71.0,197.0,4.56,35.0,,120.0,6.91,1062.0
,,,,,,,,,,,,,,,,,22,,,,,,,,119.0
Louisiana Tech,WAC,SR,WR,46.0,85.0,1426.0,16.8,6.0,11.0,112.0,10.2,2.0,96.0,1538.0,16.0,8.0,22,72.0,191.0,4.45,35.5,15.0,120.0,7.12,0.0
Ohio State,Big Ten,SR,WR,36.0,140.0,2295.0,16.4,25.0,3.0,18.0,6.0,0.0,143.0,2313.0,16.2,25.0,22,71.0,188.0,4.35,,,,,4581.0
Florida,SEC,JR,WR,37.0,120.0,1586.0,13.2,16.0,17.0,90.0,5.3,2.0,137.0,1676.0,12.2,18.0,21,73.0,213.0,4.32,38.5,,122.0,6.73,171.0
Miami (FL),ACC,SR,WR,48.0,68.0,1106.0,16.3,9.0,9.0,59.0,6.6,0.0,77.0,1165.0,15.1,9.0,22,68.0,185.0,4.38,,,,,421.0
Western Michigan,MAC,SR,WR,42.0,238.0,3539.0,14.9,39.0,18.0,92.0,5.1,0.0,256.0,3631.0,14.2,39.0,22,71.0,197.0,4.42,36.5,,117.0,6.68,5222.0
Oklahoma,Big 12,SR,WR,44.0,105.0,1315.0,12.5,17.0,3.0,66.0,22.0,1.0,108.0,1381.0,12.8,18.0,22,74.0,214.0,4.47,36.5,,120.0,6.7,32.0
Arizona State,Pac-10,SR,WR,50.0,258.0,3939.0,15.3,27.0,0.0,0.0,0.0,0.0,258.0,3939.0,15.3,27.0,21,74.0,208.0,4.45,36.0,,124.0,,969.0
Wisconsin,Big Ten,SR,WR,52.0,202.0,2924.0,14.5,10.0,19.0,118.0,6.2,0.0,221.0,3042.0,13.8,10.0,22,69.0,179.0,4.48,34.5,,115.0,6.87,0.0
Notre Dame,Ind,SR,WR,46.0,130.0,2195.0,16.9,18.0,2.0,1.0,0.5,0.0,132.0,2196.0,16.6,18.0,21,76.0,217.0,4.57,35.0,,122.0,6.81,660.0
Florida State,ACC,SR,WR,45.0,91.0,1046.0,11.5,3.0,63.0,309.0,4.9,3.0,154.0,1355.0,8.8,6.0,23,70.0,188.0,4.34,37.5,,117.0,7.06,54.0
Penn State,Big Ten,SR,QB,45.0,52.0,629.0,12.1,3.0,369.0,1637.0,4.4,20.0,421.0,2266.0,5.4,23.0,23,73.0,227.0,4.57,,,,,383.0
Texas Christian,MWC,JR,WR,36.0,150.0,2111.0,14.1,17.0,46.0,115.0,2.5,10.0,196.0,2226.0,11.4,27.0,0,72.0,188.0,4.58,33.5,,110.0,7.37,0.0
Michigan,Big Ten,SR,WR,47.0,169.0,2247.0,13.3,13.0,0.0,0.0,0.0,0.0,169.0,2247.0,13.3,13.0,23,72.0,212.0,4.62,37.0,20.0,118.0,,1872.0
Oregon,Pac-10,SR,WR,45.0,162.0,2660.0,16.4,20.0,12.0,76.0,6.3,1.0,174.0,2736.0,15.7,21.0,23,74.0,197.0,4.52,38.0,,127.0,6.84,1008.0
UCF,CUSA,SR,WR,44.0,112.0,1674.0,14.9,13.0,3.0,5.0,1.7,0.0,115.0,1679.0,14.6,13.0,22,76.0,229.0,4.52,37.0,,120.0,,5033.0
LSU,SEC,SR,WR,44.0,111.0,1129.0,10.2,9.0,31.0,258.0,8.3,1.0,142.0,1387.0,9.8,10.0,21,69.0,192.0,4.53,34.0,,118.0,,33.0
Akron,MAC,SR,WR,36.0,141.0,2092.0,14.8,14.0,1.0,24.0,24.0,0.0,142.0,2116.0,14.9,14.0,21,,,,,,,,1405.0
Virginia,ACC,SR,QB,51.0,30.0,273.0,9.1,0.0,239.0,902.0,3.8,11.0,269.0,1175.0,4.4,11.0,23,69.0,202.0,4.67,35.0,,114.0,7.03,108.0
Oregon State,Pac-10,SR,WR,36.0,220.0,3924.0,17.8,20.0,2.0,18.0,9.0,0.0,222.0,3942.0,17.8,20.0,23,73.0,208.0,4.59,32.0,,116.0,6.97,0.0
Wisconsin,Big Ten,SR,WR,52.0,107.0,1824.0,17.0,19.0,0.0,0.0,0.0,0.0,107.0,1824.0,17.0,19.0,0,74.0,198.0,4.44,35.5,,119.0,7.31,0.0
,,,,,,,,,,,,,,,,,22,73.0,240.0,4.49,36.5,,118.0,,923.0
Fresno State,WAC,SR,WR,52.0,89.0,986.0,11.1,9.0,48.0,337.0,7.0,3.0,137.0,1323.0,9.7,12.0,23,69.0,181.0,4.44,37.5,,118.0,6.88,62.0
San Diego State,MWC,,WR,44.0,234.0,2890.0,12.4,20.0,2.0,16.0,8.0,0.0,236.0,2906.0,12.3,20.0,24,74.0,211.0,4.4,37.0,,126.0,6.81,382.0
Penn State,Big Ten,SR,WR,12.0,15.0,236.0,15.7,3.0,0.0,0.0,0.0,0.0,15.0,236.0,15.7,3.0,23,,,,,,,,0.0
Brigham Young,MWC,SR,WR,23.0,101.0,1720.0,17.0,15.0,1.0,-4.0,-4.0,0.0,102.0,1716.0,16.8,15.0,23,74.0,202.0,4.4,36.0,15.0,118.0,7.13,90.0
LSU,SEC,SR,WR,38.0,17.0,340.0,20.0,3.0,0.0,0.0,0.0,0.0,17.0,340.0,20.0,3.0,0,,,,,,,,0.0
Auburn,SEC,SR,WR,51.0,71.0,1333.0,18.8,9.0,1.0,6.0,6.0,0.0,72.0,1339.0,18.6,9.0,22,74.0,201.0,4.35,39.0,,120.0,7.04,1193.0
Auburn,SEC,SR,WR,51.0,97.0,1313.0,13.5,18.0,8.0,154.0,19.3,2.0,105.0,1467.0,14.0,20.0,22,73.0,205.0,4.45,38.0,,116.0,7.17,1209.0
Colorado State,MWC,SR,WR,46.0,223.0,3634.0,16.3,20.0,4.0,18.0,4.5,0.0,227.0,3652.0,16.1,20.0,23,70.0,192.0,4.57,34.0,,116.0,6.88,886.0
,,,,,,,,,,,,,,,,,23,77.0,224.0,4.5,37.0,16.0,123.0,6.94,5097.0
,,,,,,,,,,,,,,,,,0,,,,,,,,0.0
Michigan,Big Ten,SR,WR,44.0,252.0,3541.0,14.1,39.0,10.0,72.0,7.2,0.0,262.0,3613.0,13.8,39.0,22,75.0,211.0,4.45,,,,,4238.0
South Carolina,SEC,JR,WR,34.0,91.0,1754.0,19.3,13.0,12.0,101.0,8.4,0.0,103.0,1855.0,18.0,13.0,22,73.0,203.0,4.32,,,,6.99,1131.0
USC,Pac-10,SO,WR,26.0,176.0,2579.0,14.7,30.0,5.0,35.0,7.0,0.0,181.0,2614.0,14.4,30.0,21,77.0,229.0,4.56,36.5,,,,1526.0
Arkansas,SEC,SR,QB,46.0,4.0,58.0,14.5,0.0,382.0,2535.0,6.6,24.0,386.0,2593.0,6.7,24.0,22,78.0,242.0,4.37,39.5,,129.0,,2153.0
Oklahoma,Big 12,SR,WR,51.0,220.0,3236.0,14.7,31.0,14.0,82.0,5.9,0.0,234.0,3318.0,14.2,31.0,23,70.0,193.0,4.41,36.5,,118.0,6.95,3116.0
UAB,CUSA,SR,WR,45.0,163.0,3112.0,19.1,26.0,1.0,17.0,17.0,0.0,164.0,3129.0,19.1,26.0,23,73.0,207.0,4.46,,,,,4689.0
Georgia,SEC,SR,WR,52.0,144.0,2008.0,13.9,12.0,11.0,87.0,7.9,0.0,155.0,2095.0,13.5,12.0,24,74.0,196.0,4.45,41.5,,128.0,6.99,2574.0
Oklahoma,Big 12,SR,WR,25.0,34.0,685.0,20.1,9.0,4.0,73.0,18.3,1.0,38.0,758.0,19.9,10.0,23,73.0,201.0,4.37,39.5,,128.0,6.96,1283.0
Miami (FL),ACC,JR,WR,36.0,86.0,1355.0,15.8,12.0,19.0,186.0,9.8,1.0,105.0,1541.0,14.7,13.0,23,70.0,168.0,4.37,,,,,1086.0
Texas A&M,Big 12,SR,WR,45.0,172.0,2600.0,15.1,10.0,17.0,209.0,12.3,1.0,189.0,2809.0,14.9,11.0,22,73.0,202.0,4.39,,,,,36.0
,,,,,,,,,,,,,,,,,22,77.0,241.0,4.46,39.0,,,,3400.0
Indiana,Big Ten,SR,WR,45.0,170.0,2524.0,14.8,12.0,31.0,207.0,6.7,2.0,201.0,2731.0,13.6,14.0,22,72.0,189.0,4.41,36.5,,126.0,6.6,323.0
West Virginia,Big East,JR,WR,23.0,93.0,1878.0,20.2,22.0,1.0,2.0,2.0,0.0,94.0,1880.0,20.0,22.0,22,76.0,197.0,4.5,,,,,1826.0
Oklahoma,Big 12,SR,WR,46.0,82.0,1187.0,14.5,14.0,1.0,0.0,0.0,0.0,83.0,1187.0,14.3,14.0,23,73.0,210.0,4.42,37.0,,114.0,7.03,1398.0
,,,,,,,,,,,,,,,,,22,71.0,181.0,4.28,35.5,,123.0,,80.0
Florida State,ACC,SR,WR,47.0,123.0,2153.0,17.5,18.0,6.0,13.0,2.2,0.0,129.0,2166.0,16.8,18.0,22,73.0,188.0,4.38,,,,,70.0
California,Pac-10,SR,WR,34.0,54.0,1089.0,20.2,9.0,2.0,18.0,9.0,0.0,56.0,1107.0,19.8,9.0,0,75.0,217.0,4.5,,,,,0.0
Georgia,SEC,SR,WR,45.0,161.0,2884.0,17.9,20.0,5.0,32.0,6.4,0.0,166.0,2916.0,17.6,20.0,0,76.0,196.0,4.55,38.5,,126.0,7.03,0.0
Tulane,CUSA,SR,WR,48.0,215.0,3207.0,14.9,35.0,3.0,-15.0,-5.0,0.0,218.0,3192.0,14.6,35.0,24,,,,,,,,1248.0
Clemson,ACC,SR,WR,45.0,137.0,2025.0,14.8,10.0,14.0,26.0,1.9,0.0,151.0,2051.0,13.6,10.0,22,70.0,186.0,4.49,38.0,,125.0,7.05,0.0
,,,,,,,,,,,,,,,,,0,,,,,,,,0.0
West Virginia,Big East,SR,QB,39.0,2.0,22.0,11.0,0.0,452.0,1863.0,4.1,24.0,454.0,1885.0,4.2,24.0,24,72.0,185.0,4.51,38.0,,121.0,6.81,-1.0
Hawaii,WAC,SR,WR,44.0,239.0,3031.0,12.7,29.0,9.0,62.0,6.9,1.0,248.0,3093.0,12.5,30.0,23,67.0,183.0,4.62,37.0,,116.0,6.7,0.0
UCLA,Pac-10,SR,WR,42.0,84.0,1547.0,18.4,6.0,3.0,20.0,6.7,1.0,87.0,1567.0,18.0,7.0,23,74.0,229.0,4.46,34.0,,116.0,7.0,109.0
Ball State,MAC,JR,WR,35.0,238.0,3030.0,12.7,22.0,2.0,-5.0,-2.5,1.0,240.0,3025.0,12.6,23.0,21,,,,,,,,26.0
UCLA,Pac-10,SR,WR,46.0,193.0,2845.0,14.7,19.0,16.0,151.0,9.4,2.0,209.0,2996.0,14.3,21.0,0,73.0,196.0,4.46,36.0,,,,0.0
Oregon,Pac-10,SR,WR,18.0,36.0,401.0,11.1,2.0,0.0,0.0,0.0,0.0,36.0,401.0,11.1,2.0,22,,,,,,,,5.0
Utah,MWC,SR,WR,23.0,156.0,1885.0,12.1,16.0,48.0,281.0,5.9,3.0,204.0,2166.0,10.6,19.0,23,72.0,219.0,4.71,31.5,,,,63.0
,,,,,,,,,,,,,,,,,23,73.0,211.0,4.4,37.0,,120.0,7.19,191.0
,,,,,,,,,,,,,,,,,23,,,,,,,,0.0
,,,,,,,,,,,,,,,,,0,75.0,206.0,4.56,34.5,,,,0.0
Pitt,Big East,SO,WR,26.0,161.0,2677.0,16.6,34.0,1.0,7.0,7.0,0.0,162.0,2684.0,16.6,34.0,21,75.0,225.0,4.48,,,,,5975.0
Texas,Big 12,SR,WR,48.0,241.0,3866.0,16.0,36.0,16.0,243.0,15.2,3.0,257.0,4109.0,16.0,39.0,22,74.0,212.0,4.48,,,,,4082.0
Washington,Pac-10,JR,WR,36.0,238.0,3536.0,14.9,22.0,3.0,11.0,3.7,0.0,241.0,3547.0,14.7,22.0,21,76.0,229.0,4.56,,,,,2322.0
Wisconsin,Big Ten,SR,WR,44.0,175.0,3468.0,19.8,27.0,4.0,26.0,6.5,0.0,179.0,3494.0,19.5,27.0,23,71.0,197.0,4.39,34.5,,120.0,,4744.0
LSU,SEC,JR,WR,39.0,182.0,2582.0,14.2,21.0,6.0,63.0,10.5,1.0,188.0,2645.0,14.1,22.0,21,75.0,209.0,4.67,32.5,,116.0,6.77,2706.0
Ohio State,Big Ten,SR,WR,38.0,157.0,2746.0,17.5,16.0,0.0,0.0,0.0,0.0,157.0,2746.0,17.5,16.0,22,76.0,218.0,4.4,,,,,2372.0
Oklahoma State,Big 12,SR,WR,48.0,293.0,4414.0,15.1,42.0,0.0,0.0,0.0,0.0,293.0,4414.0,15.1,42.0,23,74.0,202.0,4.47,39.0,,125.0,6.93,160.0
LSU,SEC,SR,WR,42.0,81.0,1335.0,16.5,19.0,83.0,433.0,5.2,3.0,164.0,1768.0,10.8,22.0,22,71.0,198.0,4.41,,,,,2290.0
Marshall,MAC,SR,WR,47.0,272.0,4031.0,14.8,47.0,21.0,188.0,9.0,0.0,293.0,4219.0,14.4,47.0,22,73.0,188.0,4.5,,,,,407.0
USC,Pac-10,SR,WR,50.0,207.0,2964.0,14.3,19.0,6.0,74.0,12.3,1.0,213.0,3038.0,14.3,20.0,22,73.0,207.0,4.6,30.0,,,,1540.0
Clemson,ACC,JR,WR,37.0,163.0,2218.0,13.6,15.0,42.0,340.0,8.1,2.0,205.0,2558.0,12.5,17.0,22,75.0,196.0,4.54,,,,,0.0
Fresno State,WAC,SR,WR,46.0,191.0,2682.0,14.0,23.0,21.0,264.0,12.6,2.0,212.0,2946.0,13.9,25.0,23,73.0,183.0,4.58,38.0,,128.0,7.34,3161.0
Washington State,Pac-10,JR,WR,30.0,106.0,1666.0,15.7,19.0,5.0,45.0,9.0,1.0,111.0,1711.0,15.4,20.0,22,73.0,213.0,4.52,37.0,,129.0,,578.0
Texas Tech,Big 12,SR,WR,49.0,216.0,3031.0,14.0,21.0,15.0,89.0,5.9,1.0,231.0,3120.0,13.5,22.0,23,69.0,198.0,4.33,38.5,,114.0,6.97,0.0
Oregon,Pac-10,SR,WR,50.0,178.0,2761.0,15.5,19.0,10.0,67.0,6.7,0.0,188.0,2828.0,15.0,19.0,23,70.0,179.0,4.39,36.0,,,,1529.0
North Carolina State,ACC,SR,WR,48.0,200.0,3119.0,15.6,21.0,18.0,102.0,5.7,1.0,218.0,3221.0,14.8,22.0,22,72.0,212.0,4.54,36.0,,121.0,6.93,3260.0
Virginia Tech,Big East,SR,WR,49.0,126.0,2052.0,16.3,11.0,0.0,0.0,0.0,0.0,126.0,2052.0,16.3,11.0,25,76.0,226.0,4.79,40.5,,130.0,,2019.0
Syracuse,Big East,SR,WR,32.0,88.0,1535.0,17.4,7.0,6.0,34.0,5.7,1.0,94.0,1569.0,16.7,8.0,22,76.0,229.0,4.51,41.0,,130.0,7.34,90.0
Nevada,WAC,SR,WR,20.0,53.0,827.0,15.6,5.0,4.0,8.0,2.0,0.0,57.0,835.0,14.6,5.0,21,73.0,191.0,4.57,34.0,,118.0,,0.0
Colorado,Big 12,SR,WR,25.0,96.0,1224.0,12.8,11.0,1.0,-9.0,-9.0,0.0,97.0,1215.0,12.5,11.0,23,74.0,199.0,4.53,41.0,,131.0,6.79,1575.0
Ohio State,Big Ten,SR,WR,32.0,41.0,632.0,15.4,1.0,2.0,13.0,6.5,0.0,43.0,645.0,15.0,1.0,23,76.0,204.0,4.36,,,,,977.0
Florida State,ACC,JR,WR,35.0,76.0,1066.0,14.0,7.0,3.0,7.0,2.3,0.0,79.0,1073.0,13.6,7.0,20,75.0,210.0,4.54,34.5,,,7.04,0.0
Texas A&M,Big 12,SR,WR,26.0,108.0,1705.0,15.8,10.0,5.0,28.0,5.6,0.0,113.0,1733.0,15.3,10.0,23,73.0,197.0,4.46,,,,,146.0
Alabama,SEC,SR,WR,44.0,90.0,1072.0,11.9,9.0,2.0,4.0,2.0,0.0,92.0,1076.0,11.7,9.0,22,71.0,199.0,4.51,38.0,,124.0,7.06,52.0
Auburn,SEC,SR,WR,46.0,69.0,973.0,14.1,4.0,1.0,31.0,31.0,0.0,70.0,1004.0,14.3,4.0,0,71.0,203.0,4.46,29.0,,112.0,6.98,0.0
,,,,,,,,,,,,,,,,,21,78.0,211.0,4.55,34.0,,122.0,6.84,353.0
Tennessee,SEC,SR,WR,38.0,36.0,556.0,15.4,5.0,7.0,65.0,9.3,0.0,43.0,621.0,14.4,5.0,23,,,,,,,,41.0
Texas,Big 12,SR,WR,46.0,88.0,1362.0,15.5,12.0,2.0,21.0,10.5,0.0,90.0,1383.0,15.4,12.0,22,73.0,203.0,4.5,,,,,0.0
Georgia Tech,ACC,SR,WR,45.0,174.0,2238.0,12.9,12.0,37.0,194.0,5.2,1.0,211.0,2432.0,11.5,13.0,22,70.0,194.0,4.78,32.5,,114.0,,77.0
,,,,,,,,,,,,,,,,,25,,,,,,,,2266.0
Kentucky,SEC,SR,WR,46.0,197.0,2339.0,11.9,18.0,15.0,160.0,10.7,0.0,212.0,2499.0,11.8,18.0,0,69.0,179.0,4.58,33.5,,120.0,6.89,0.0
Michigan State,Big Ten,JR,WR,24.0,135.0,2821.0,20.9,27.0,10.0,110.0,11.0,1.0,145.0,2931.0,20.2,28.0,22,74.0,202.0,4.4,,,,,440.0
Miami (FL),Big East,JR,WR,34.0,92.0,1831.0,19.9,20.0,2.0,11.0,5.5,0.0,94.0,1842.0,19.6,20.0,22,74.0,230.0,4.41,39.0,,132.0,,4804.0
Penn State,Big Ten,SR,WR,47.0,110.0,2008.0,18.3,10.0,4.0,5.0,1.3,0.0,114.0,2013.0,17.7,10.0,22,74.0,214.0,4.57,,,,,2675.0
Florida,SEC,SR,WR,44.0,133.0,2097.0,15.8,16.0,10.0,81.0,8.1,1.0,143.0,2178.0,15.2,17.0,22,72.0,205.0,4.42,,,,,384.0
Texas A&M,Big 12,SR,WR,35.0,117.0,1740.0,14.9,11.0,8.0,55.0,6.9,1.0,125.0,1795.0,14.4,12.0,24,71.0,201.0,4.38,38.5,,127.0,,606.0
Florida State,ACC,SR,WR,36.0,118.0,1790.0,15.2,21.0,26.0,127.0,4.9,1.0,144.0,1917.0,13.3,22.0,22,73.0,216.0,4.72,33.5,,114.0,7.35,5458.0
Middle Tennessee State,Sun Belt,SR,WR,45.0,194.0,2636.0,13.6,17.0,14.0,55.0,3.9,1.0,208.0,2691.0,12.9,18.0,22,76.0,223.0,4.34,38.0,,127.0,6.73,501.0
Tennessee,SEC,SO,WR,16.0,87.0,1453.0,16.7,6.0,1.0,10.0,10.0,0.0,88.0,1463.0,16.6,6.0,24,74.0,223.0,4.42,,,,,893.0
Nevada,WAC,SR,WR,33.0,248.0,3287.0,13.3,22.0,27.0,190.0,7.0,1.0,275.0,3477.0,12.6,23.0,22,72.0,197.0,4.51,42.5,,126.0,6.96,2675.0
Utah State,Ind,SR,WR,22.0,174.0,2789.0,16.0,19.0,9.0,46.0,5.1,1.0,183.0,2835.0,15.5,20.0,25,71.0,186.0,4.42,36.0,,122.0,6.76,2824.0
Virginia,ACC,SR,WR,48.0,210.0,2978.0,14.2,24.0,7.0,37.0,5.3,1.0,217.0,3015.0,13.9,25.0,23,76.0,210.0,4.61,,,,,725.0
Arizona State,Pac-10,JR,WR,37.0,156.0,2867.0,18.4,24.0,14.0,63.0,4.5,1.0,170.0,2930.0,17.2,25.0,22,68.0,169.0,4.43,,,,,2158.0
Illinois,Big Ten,JR,WR,35.0,155.0,2527.0,16.3,19.0,12.0,55.0,4.6,0.0,167.0,2582.0,15.5,19.0,22,72.0,184.0,4.62,36.0,,,,1889.0
North Carolina,ACC,SR,WR,46.0,146.0,2195.0,15.0,15.0,7.0,33.0,4.7,0.0,153.0,2228.0,14.6,15.0,22,74.0,209.0,4.59,39.5,,121.0,7.22,250.0
Arizona,Pac-10,SR,WR,45.0,230.0,3351.0,14.6,23.0,12.0,53.0,4.4,0.0,242.0,3404.0,14.1,23.0,22,70.0,193.0,4.66,34.5,,115.0,7.01,1846.0
Missouri,Big 12,SR,WR,37.0,200.0,2704.0,13.5,18.0,28.0,6.0,0.2,0.0,228.0,2710.0,11.9,18.0,22,76.0,217.0,4.45,,,,,1658.0
Texas Christian,CUSA,SR,WR,22.0,82.0,1343.0,16.4,7.0,0.0,0.0,0.0,0.0,82.0,1343.0,16.4,7.0,23,71.0,215.0,4.49,32.0,,119.0,7.32,10.0
Cincinnati,CUSA,SR,WR,34.0,89.0,1669.0,18.8,14.0,0.0,0.0,0.0,0.0,89.0,1669.0,18.8,14.0,0,,,,,,,,0.0
UCF,MAC,SR,WR,22.0,97.0,1869.0,19.3,20.0,7.0,52.0,7.4,1.0,104.0,1921.0,18.5,21.0,23,74.0,213.0,4.52,35.5,,116.0,7.05,1550.0
San Diego State,MWC,SR,WR,41.0,262.0,3572.0,13.6,18.0,8.0,34.0,4.3,1.0,270.0,3606.0,13.4,19.0,0,73.0,202.0,4.67,36.0,,119.0,6.99,0.0
,,,,,,,,,,,,,,,,,23,,,,,,,,308.0
,,,,,,,,,,,,,,,,,23,,,,,,,,46.0
Texas Christian,CUSA,SR,WR,45.0,111.0,1560.0,14.1,13.0,41.0,235.0,5.7,3.0,152.0,1795.0,11.8,16.0,23,71.0,196.0,4.52,34.0,,122.0,7.41,0.0
Notre Dame,Ind,SR,WR,40.0,63.0,826.0,13.1,5.0,64.0,320.0,5.0,1.0,127.0,1146.0,9.0,6.0,23,73.0,217.0,4.58,35.0,,117.0,6.74,1792.0
Tulsa,WAC,,WR,6.0,8.0,71.0,8.9,0.0,0.0,0.0,0.0,0.0,8.0,71.0,8.9,0.0,23,,,,,,,,38.0
USC,Pac-10,SR,WR,48.0,204.0,3104.0,15.2,15.0,14.0,64.0,4.6,0.0,218.0,3168.0,14.5,15.0,0,72.0,186.0,4.42,35.0,,125.0,7.51,0.0
Syracuse,Big East,SR,WR,46.0,75.0,1214.0,16.2,6.0,4.0,35.0,8.8,0.0,79.0,1249.0,15.8,6.0,23,,,,,,,,650.0
Oregon,Pac-10,SR,WR,49.0,173.0,2698.0,15.6,24.0,13.0,150.0,11.5,1.0,186.0,2848.0,15.3,25.0,22,70.0,178.0,4.56,31.5,,114.0,7.34,18.0
Kansas State,Big 12,SR,WR,14.0,41.0,721.0,17.6,5.0,2.0,12.0,6.0,0.0,43.0,733.0,17.0,5.0,22,,,,,,,,0.0
Illinois,Big Ten,SR,WR,46.0,141.0,2204.0,15.6,13.0,2.0,-12.0,-6.0,0.0,143.0,2192.0,15.3,13.0,23,77.0,214.0,4.54,39.0,,121.0,6.9,17.0
Florida State,ACC,SR,WR,47.0,90.0,1595.0,17.7,19.0,7.0,39.0,5.6,0.0,97.0,1634.0,16.8,19.0,23,73.0,205.0,4.44,34.5,,116.0,7.54,52.0
South Florida,Ind,SR,WR,31.0,69.0,1078.0,15.6,9.0,0.0,0.0,0.0,0.0,69.0,1078.0,15.6,9.0,0,,,,,,,,0.0
,,,,,,,,,,,,,,,,,22,,,,,,,,1256.0
Toledo,MAC,SR,WR,46.0,149.0,1966.0,13.2,17.0,1.0,37.0,37.0,0.0,150.0,2003.0,13.4,17.0,22,,,,,,,,0.0
Memphis,CUSA,SR,WR,36.0,59.0,838.0,14.2,6.0,162.0,500.0,3.1,7.0,221.0,1338.0,6.1,13.0,0,,,,,,,,0.0
,,,,,,,,,,,,,,,,,0,74.0,200.0,4.51,38.0,,125.0,6.72,0.0
Tennessee,SEC,JR,WR,31.0,99.0,1747.0,17.6,13.0,4.0,30.0,7.5,0.0,103.0,1777.0,17.3,13.0,21,72.0,197.0,4.22,,,,,3516.0
Hawaii,WAC,JR,WR,36.0,194.0,3341.0,17.2,32.0,0.0,0.0,0.0,0.0,194.0,3341.0,17.2,32.0,22,75.0,197.0,4.49,,,,,3437.0
Florida State,ACC,SR,WR,20.0,65.0,1257.0,19.3,10.0,0.0,0.0,0.0,0.0,65.0,1257.0,19.3,10.0,23,75.0,210.0,4.38,39.5,,128.0,6.86,3528.0
Florida,SEC,SO,WR,23.0,138.0,2375.0,17.2,27.0,0.0,0.0,0.0,0.0,138.0,2375.0,17.2,27.0,21,73.0,193.0,4.56,,,,6.87,2151.0
LSU,SEC,JR,WR,31.0,167.0,3001.0,18.0,17.0,9.0,63.0,7.0,1.0,176.0,3064.0,17.4,18.0,22,70.0,210.0,4.54,,,,,2109.0
Auburn,SEC,JR,WR,29.0,57.0,842.0,14.8,4.0,24.0,173.0,7.2,0.0,81.0,1015.0,12.5,4.0,22,72.0,190.0,4.32,39.0,,126.0,6.68,967.0
Virginia Tech,Big East,SR,WR,40.0,110.0,2094.0,19.0,19.0,12.0,137.0,11.4,4.0,122.0,2231.0,18.3,23.0,23,73.0,194.0,4.42,39.5,,123.0,6.77,1615.0
Florida,SEC,JR,WR,35.0,141.0,2088.0,14.8,18.0,13.0,91.0,7.0,0.0,154.0,2179.0,14.1,18.0,23,72.0,194.0,4.53,41.5,,130.0,7.0,1710.0
Indiana,Big Ten,SR,QB,44.0,7.0,90.0,12.9,1.0,857.0,3895.0,4.5,44.0,864.0,3985.0,4.6,45.0,23,70.0,191.0,4.49,,,,,2363.0
Pitt,Big East,JR,WR,31.0,161.0,2805.0,17.4,26.0,0.0,0.0,0.0,0.0,161.0,2805.0,17.4,26.0,21,73.0,188.0,4.57,37.0,,121.0,,3837.0
Louisville,CUSA,SR,WR,23.0,143.0,2204.0,15.4,18.0,10.0,36.0,3.6,0.0,153.0,2240.0,14.6,18.0,23,69.0,191.0,4.47,36.0,,117.0,6.71,3469.0
Michigan,Big Ten,SR,WR,44.0,161.0,2004.0,12.4,17.0,7.0,14.0,2.0,0.0,168.0,2018.0,12.0,17.0,0,,,,,,,,0.0
Utah,MWC,SR,WR,28.0,124.0,1862.0,15.0,10.0,7.0,37.0,5.3,0.0,131.0,1899.0,14.5,10.0,23,71.0,185.0,4.36,,,,,45.0
Nebraska,Big 12,SR,QB,43.0,3.0,109.0,36.3,2.0,648.0,3434.0,5.3,59.0,651.0,3543.0,5.4,61.0,0,72.0,195.0,4.47,38.0,,112.0,6.87,0.0
Minnesota,Big Ten,SR,WR,45.0,196.0,2931.0,15.0,31.0,1.0,-27.0,-27.0,0.0,197.0,2904.0,14.7,31.0,22,74.0,225.0,4.7,34.5,,118.0,7.12,126.0
,,,,,,,,,,,,,,,,,0,75.0,207.0,4.52,36.5,,122.0,7.02,0.0
Michigan State,Big Ten,SR,WR,46.0,115.0,1640.0,14.3,7.0,8.0,42.0,5.3,0.0,123.0,1682.0,13.7,7.0,24,71.0,193.0,4.45,33.0,,114.0,6.65,0.0
Alabama,SEC,SR,WR,44.0,71.0,1020.0,14.4,8.0,5.0,77.0,15.4,0.0,76.0,1097.0,14.4,8.0,23,73.0,203.0,4.47,36.5,,123.0,6.83,578.0
Akron,MAC,SR,WR,40.0,131.0,1986.0,15.2,10.0,10.0,49.0,4.9,0.0,141.0,2035.0,14.4,10.0,22,73.0,200.0,4.49,,,,,0.0
Alabama,SEC,SR,WR,44.0,152.0,1859.0,12.2,6.0,32.0,242.0,7.6,1.0,184.0,2101.0,11.4,7.0,0,70.0,190.0,4.51,33.5,,117.0,6.84,0.0
Northwestern,Big Ten,SR,WR,41.0,105.0,1698.0,16.2,14.0,55.0,324.0,5.9,1.0,160.0,2022.0,12.6,15.0,22,,,,,,,,0.0
Iowa,Big Ten,SR,WR,35.0,152.0,1892.0,12.4,15.0,5.0,9.0,1.8,0.0,157.0,1901.0,12.1,15.0,23,74.0,200.0,4.65,35.0,,,,0.0
UTEP,WAC,SR,WR,45.0,200.0,2920.0,14.6,28.0,13.0,79.0,6.1,0.0,213.0,2999.0,14.1,28.0,23,73.0,190.0,4.55,32.5,,119.0,7.08,154.0
,,,,,,,,,,,,,,,,,22,,,,,,,,0.0
Notre Dame,Ind,SR,WR,45.0,63.0,867.0,13.8,4.0,3.0,51.0,17.0,0.0,66.0,918.0,13.9,4.0,22,71.0,186.0,4.47,41.0,,129.0,6.84,35.0
,,,,,,,,,,,,,,,,,0,,,,,,,,0.0
,,,,,,,,,,,,,,,,,0,,,,,,,,0.0
Middle Tennessee State,Sun Belt,SR,WR,33.0,208.0,2659.0,12.8,17.0,9.0,76.0,8.4,0.0,217.0,2735.0,12.6,17.0,22,74.0,200.0,4.69,33.5,,117.0,6.87,55.0
Northern Illinois,MAC,SR,WR,35.0,88.0,1595.0,18.1,13.0,13.0,105.0,8.1,0.0,101.0,1700.0,16.8,13.0,23,,,,,,,,0.0
Miami (FL),Big East,SR,WR,39.0,59.0,819.0,13.9,5.0,2.0,-8.0,-4.0,0.0,61.0,811.0,13.3,5.0,23,69.0,180.0,4.35,,,,,90.0
North Carolina,ACC,SR,QB,37.0,1.0,2.0,2.0,0.0,348.0,1249.0,3.6,13.0,349.0,1251.0,3.6,13.0,23,74.0,220.0,4.59,35.0,,115.0,7.06,1449.0
Fresno State,WAC,SR,WR,35.0,211.0,3142.0,14.9,23.0,39.0,234.0,6.0,1.0,250.0,3376.0,13.5,24.0,0,,,,,,,,0.0
Notre Dame,Ind,SR,WR,44.0,72.0,814.0,11.3,3.0,41.0,146.0,3.6,4.0,113.0,960.0,8.5,7.0,22,72.0,217.0,4.56,40.5,,126.0,6.82,2318.0
Kansas State,Big 12,SR,WR,47.0,137.0,2400.0,17.5,14.0,15.0,69.0,4.6,0.0,152.0,2469.0,16.2,14.0,0,67.0,155.0,4.31,35.0,,119.0,6.84,0.0
Michigan,Big Ten,JR,WR,34.0,137.0,2005.0,14.6,19.0,8.0,108.0,13.5,1.0,145.0,2113.0,14.6,20.0,22,75.0,213.0,4.43,,,,,1602.0
North Carolina State,ACC,SO,WR,22.0,110.0,1914.0,17.4,15.0,28.0,110.0,3.9,0.0,138.0,2024.0,14.7,15.0,21,73.0,211.0,4.61,,,,,3514.0
Clemson,ACC,SR,WR,46.0,159.0,2404.0,15.1,12.0,5.0,0.0,0.0,0.0,164.0,2404.0,14.7,12.0,23,74.0,219.0,4.48,,,,,3148.0
Miami (FL),Big East,SR,WR,42.0,143.0,2547.0,17.8,19.0,12.0,277.0,23.1,3.0,155.0,2824.0,18.2,22.0,22,70.0,184.0,4.31,,,,,3899.0
UCLA,Pac-10,JR,WR,34.0,110.0,1955.0,17.8,9.0,9.0,67.0,7.4,0.0,119.0,2022.0,17.0,9.0,22,71.0,185.0,4.46,39.5,,120.0,6.95,1263.0
Miami (FL),Big East,SR,WR,45.0,173.0,2510.0,14.5,20.0,2.0,15.0,7.5,0.0,175.0,2525.0,14.4,20.0,22,72.0,198.0,4.45,,,,,4164.0
Kansas State,Big 12,SR,WR,24.0,106.0,2173.0,20.5,23.0,3.0,11.0,3.7,0.0,109.0,2184.0,20.0,23.0,23,73.0,211.0,4.48,,,,,2466.0
Oregon State,Pac-10,SR,WR,12.0,37.0,806.0,21.8,8.0,2.0,-5.0,-2.5,0.0,39.0,801.0,20.5,8.0,23,73.0,192.0,4.57,33.0,,108.0,7.51,5556.0
Texas A&M,Big 12,JR,WR,10.0,58.0,885.0,15.3,6.0,0.0,0.0,0.0,0.0,58.0,885.0,15.3,6.0,21,73.0,205.0,4.48,36.5,,120.0,7.24,1546.0
Wisconsin,Big Ten,SR,WR,41.0,127.0,2004.0,15.8,16.0,2.0,17.0,8.5,0.0,129.0,2021.0,15.7,16.0,23,72.0,210.0,4.33,45.0,,134.0,,4596.0
Utah,MWC,SR,WR,21.0,78.0,1603.0,20.6,12.0,8.0,52.0,6.5,0.0,86.0,1655.0,19.2,12.0,22,69.0,184.0,4.41,38.5,,121.0,7.44,3759.0
Florida State,ACC,SR,WR,42.0,115.0,2098.0,18.2,17.0,2.0,6.0,3.0,0.0,117.0,2104.0,18.0,17.0,24,73.0,171.0,4.57,37.5,,115.0,7.06,515.0
Washington State,Pac-10,JR,WR,12.0,55.0,984.0,17.9,5.0,2.0,32.0,16.0,1.0,57.0,1016.0,17.8,6.0,22,,,,,,,,69.0
Northern Illinois,MAC,SR,WR,44.0,204.0,2991.0,14.7,29.0,14.0,162.0,11.6,0.0,218.0,3153.0,14.5,29.0,22,74.0,209.0,4.51,41.0,,129.0,7.06,2685.0
Texas Christian,WAC,SR,WR,43.0,41.0,593.0,14.5,4.0,4.0,-6.0,-1.5,0.0,45.0,587.0,13.0,4.0,22,74.0,204.0,4.49,43.0,,134.0,,29.0
Purdue,Big Ten,SR,WR,49.0,176.0,2370.0,13.5,25.0,50.0,384.0,7.7,3.0,226.0,2754.0,12.2,28.0,23,69.0,192.0,4.48,,,,,5.0
,,,,,,,,,,,,,,,,,22,77.0,201.0,4.47,30.5,,110.0,,121.0
,,,,,,,,,,,,,,,,,21,74.0,184.0,4.57,34.5,,115.0,,858.0
,,,,,,,,,,,,,,,,,0,,,,,,,,0.0
,,,,,,,,,,,,,,,,,24,,,,,,,,774.0
,,,,,,,,,,,,,,,,,23,71.0,191.0,4.43,39.5,,122.0,6.78,379.0
,,,,,,,,,,,,,,,,,22,,,,,,,,266.0
Nebraska,Big 12,SR,WR,41.0,45.0,660.0,14.7,4.0,145.0,489.0,3.4,12.0,190.0,1149.0,6.0,16.0,0,70.0,195.0,4.53,37.0,,117.0,6.86,0.0
Tennessee,SEC,SR,WR,45.0,159.0,2137.0,13.4,24.0,0.0,0.0,0.0,0.0,159.0,2137.0,13.4,24.0,22,70.0,179.0,4.48,38.0,,123.0,,1654.0
Iowa,Big Ten,SR,WR,43.0,157.0,1974.0,12.6,11.0,2.0,-20.0,-10.0,0.0,159.0,1954.0,12.3,11.0,23,72.0,199.0,4.42,43.5,,126.0,6.56,287.0
,,,,,,,,,,,,,,,,,0,,,,,,,,0.0
Oregon State,Pac-10,SR,WR,23.0,72.0,1108.0,15.4,9.0,1.0,23.0,23.0,0.0,73.0,1131.0,15.5,9.0,23,,,,,,,,2654.0
,,,,,,,,,,,,,,,,,0,71.0,177.0,4.39,36.5,,126.0,,0.0
Ohio State,Big Ten,SR,WR,42.0,80.0,1268.0,15.9,6.0,0.0,0.0,0.0,0.0,80.0,1268.0,15.9,6.0,23,73.0,183.0,4.39,,,,,203.0
Texas A&M,Big 12,SR,WR,47.0,83.0,1316.0,15.9,7.0,6.0,69.0,11.5,1.0,89.0,1385.0,15.6,8.0,0,71.0,183.0,4.4,35.5,,115.0,6.81,0.0
Ohio State,Big Ten,SR,WR,47.0,106.0,1849.0,17.4,9.0,13.0,53.0,4.1,0.0,119.0,1902.0,16.0,9.0,22,73.0,196.0,4.34,,,,,239.0
,,,,,,,,,,,,,,,,,0,,,,,,,,0.0
Kentucky,SEC,SR,WR,39.0,112.0,1743.0,15.6,15.0,8.0,160.0,20.0,1.0,120.0,1903.0,15.9,16.0,23,70.0,191.0,4.48,36.5,,112.0,7.17,427.0
Miami (FL),Big East,SR,WR,41.0,64.0,834.0,13.0,3.0,0.0,0.0,0.0,0.0,64.0,834.0,13.0,3.0,27,72.0,199.0,4.61,,,,,327.0
Florida State,ACC,,WR,54.0,207.0,3517.0,17.0,32.0,41.0,188.0,4.6,4.0,248.0,3705.0,14.9,36.0,23,71.0,194.0,4.58,,,,,2811.0
Michigan State,Big Ten,,WR,24.0,131.0,2155.0,16.5,20.0,0.0,0.0,0.0,0.0,131.0,2155.0,16.5,20.0,23,77.0,231.0,4.59,33.0,,115.0,,4164.0
Florida,SEC,,WR,27.0,72.0,1150.0,16.0,15.0,4.0,25.0,6.3,0.0,76.0,1175.0,15.5,15.0,22,73.0,199.0,4.43,37.0,,118.0,7.15,2758.0
,,,,,,,,,,,,,,,,,22,75.0,216.0,4.6,34.5,,119.0,7.06,678.0
USC,Pac-10,,WR,46.0,161.0,2672.0,16.6,23.0,27.0,340.0,12.6,3.0,188.0,3012.0,16.0,26.0,22,69.0,177.0,4.34,35.0,,124.0,,154.0
Arizona,Pac-10,,WR,46.0,217.0,3186.0,14.7,24.0,34.0,382.0,11.2,2.0,251.0,3568.0,14.2,26.0,22,70.0,175.0,4.43,37.5,,123.0,6.96,2769.0
Southern Mississippi,CUSA,,WR,45.0,149.0,2366.0,15.9,22.0,0.0,0.0,0.0,0.0,149.0,2366.0,15.9,22.0,23,74.0,169.0,4.45,,,,,2816.0
West Virginia,Big East,,WR,33.0,28.0,591.0,21.1,7.0,6.0,52.0,8.7,0.0,34.0,643.0,18.9,7.0,22,74.0,221.0,4.48,,,,,2273.0
Florida State,ACC,,WR,46.0,105.0,1520.0,14.5,7.0,0.0,0.0,0.0,0.0,105.0,1520.0,14.5,7.0,23,73.0,206.0,4.58,,,117.0,,797.0
Georgia Tech,ACC,,WR,32.0,90.0,1833.0,20.4,14.0,11.0,67.0,6.1,0.0,101.0,1900.0,18.8,14.0,21,73.0,218.0,4.62,37.5,,124.0,6.91,2124.0
Texas A&M,Big 12,,WR,36.0,85.0,1363.0,16.0,8.0,4.0,45.0,11.3,0.0,89.0,1408.0,15.8,8.0,22,72.0,191.0,4.37,37.5,,125.0,6.76,164.0
,,,,,,,,,,,,,,,,,24,,,,,,,,696.0
Florida State,ACC,,WR,35.0,62.0,1064.0,17.2,7.0,35.0,260.0,7.4,1.0,97.0,1324.0,13.6,8.0,22,71.0,192.0,4.41,34.0,,115.0,6.89,4656.0
Tulane,CUSA,,WR,41.0,240.0,3131.0,13.0,31.0,1.0,3.0,3.0,0.0,241.0,3134.0,13.0,31.0,22,73.0,199.0,4.55,34.0,,117.0,6.96,664.0
Florida,SEC,,WR,32.0,97.0,1501.0,15.5,14.0,3.0,26.0,8.7,0.0,100.0,1527.0,15.3,14.0,21,72.0,197.0,4.56,,,,,5007.0
Michigan State,Big Ten,,WR,45.0,134.0,2095.0,15.6,18.0,1.0,-8.0,-8.0,0.0,135.0,2087.0,15.5,18.0,22,72.0,194.0,4.59,33.5,,119.0,,26.0
UCLA,Pac-10,,WR,44.0,159.0,3020.0,19.0,19.0,3.0,40.0,13.3,0.0,162.0,3060.0,18.9,19.0,23,75.0,217.0,4.58,,,,,611.0
Miami (OH),MAC,,WR,38.0,128.0,2131.0,16.6,20.0,7.0,47.0,6.7,1.0,135.0,2178.0,16.1,21.0,22,75.0,199.0,4.56,37.5,,121.0,7.03,784.0
Arkansas,SEC,,WR,43.0,137.0,2879.0,21.0,23.0,1.0,3.0,3.0,0.0,138.0,2882.0,20.9,23.0,0,75.0,194.0,4.53,35.0,,121.0,,0.0
,,,,,,,,,,,,,,,,,23,,,,,,,,142.0
USC,Pac-10,,WR,45.0,176.0,2443.0,13.9,15.0,6.0,23.0,3.8,0.0,182.0,2466.0,13.5,15.0,23,71.0,204.0,4.5,,,,7.33,126.0
,,,,,,,,,,,,,,,,,0,,,,,,,,0.0
Texas A&M,Big 12,,RB,43.0,22.0,260.0,11.8,0.0,522.0,2818.0,5.4,22.0,544.0,3078.0,5.7,22.0,21,,,,,,,,975.0
,,,,,,,,,,,,,,,,,0,73.0,201.0,4.52,37.5,,129.0,6.91,0.0
Stanford,Pac-10,,WR,42.0,244.0,3986.0,16.3,26.0,6.0,5.0,0.8,0.0,250.0,3991.0,16.0,26.0,23,66.0,171.0,4.55,32.5,,106.0,6.61,673.0
Kansas State,Big 12,,RB,19.0,9.0,130.0,14.4,1.0,152.0,798.0,5.3,11.0,161.0,928.0,5.8,12.0,23,,,,,,,,71.0
,,,,,,,,,,,,,,,,,22,74.0,205.0,4.66,39.5,,129.0,6.93,0.0
Marshall,MAC,,WR,25.0,73.0,1471.0,20.2,17.0,2.0,-12.0,-6.0,0.0,75.0,1459.0,19.5,17.0,22,71.0,180.0,4.59,36.0,,123.0,7.22,410.0
Arkansas,SEC,,WR,43.0,101.0,1235.0,12.2,4.0,3.0,3.0,1.0,0.0,104.0,1238.0,11.9,4.0,24,,,,,,,,0.0
Southern Mississippi,CUSA,,WR,42.0,193.0,3214.0,16.7,30.0,1.0,-3.0,-3.0,0.0,194.0,3211.0,16.6,30.0,0,71.0,173.0,4.66,,,,,0.0
,,,,,,,,,,,,,,,,,0,,,,,,,,0.0
Buffalo,MAC,,WR,11.0,85.0,1158.0,13.6,6.0,11.0,62.0,5.6,0.0,96.0,1220.0,12.7,6.0,22,,,,,,,,11.0
UCF,Ind,,WR,33.0,162.0,2249.0,13.9,14.0,1.0,2.0,2.0,0.0,163.0,2251.0,13.8,14.0,22,73.0,202.0,4.56,35.5,,125.0,7.3,805.0
,,,,,,,,,,,,,,,,,0,,,,,,,,0.0
Oklahoma State,Big 12,,WR,22.0,43.0,847.0,19.7,6.0,0.0,0.0,0.0,0.0,43.0,847.0,19.7,6.0,0,71.0,186.0,4.56,,16.0,,6.98,0.0
